idx,domain,doc,source,reference,target
0,news,test-en-news_economist.14223,German farmers and train drivers are scaring Germany's bosses,독일 농민과 기관사의 쟁의에 좌불안석인 독일 재계,독일 농부와 기관사들이 독일 기업 경영진들을 긴장시키고 있다.
1,news,test-en-news_economist.14223,"In Germany, where workers and bosses run many companies jointly, a big strike is unusual.",노사 공동 경영 체제의 회사가 많은 독일에서 대규모 파업은 드문 일이다.,독일에서는 노사가 공동으로 많은 기업을 운영하기 때문에 대규모 파업은 드문 일입니다.
2,news,test-en-news_economist.14223,A wave of big strikes is almost unheard of.,대형 노동 쟁의가 일제히 일어나는 것은 유례를 찾아보기 힘들다.,일련의 대규모 파업은 거의 전례가 없습니다.
3,news,test-en-news_economist.14223,"Right now the country of ""co-determination"" is simultaneously facing an eight-day ""action week"" by irate farmers, who blocked roads with tractors, a three-day strike of railway workers and, to top it off, a looming strike of doctors, who already closed surgeries between Christmas and New Year's Day.","지금 이 '공동 결정'의 나라에서는 분노한 농부들이 트랙터로 도로를 막고 점거하는 8일간의 '행동 주간'과 사흘간의 철도 노동자 파업이 동시에 벌어지고 있으며, 설상가상으로 이미 크리스마스부터 새해까지 수술실을 폐쇄한 의사들의 파업까지 앞두고 있다.","""공동결정""의 나라 독일은 현재 트랙터로 도로를 봉쇄한 격분한 농민들의 8일간의 ""행동 주간"", 철도 노동자들의 3일간의 파업, 그리고 설상가상으로 크리스마스와 새해 사이에 이미 진료를 중단했던 의사들의 파업 위협까지 동시에 직면하고 있습니다."
4,news,test-en-news_economist.14223,"This Mistgabelmop (pitchfork mob), as some have taken to calling it, will test Germany's harmonious labour relations in the year to come.",'Mistgabelmop'(쇠스랑 무리들)이라고도 불리는 이번 사태로 인해 독일의 조화로운 노사 관계가 앞으로 시험대에 오를 것이다.,"일부에서 ""미스트가벨몹(쇠스랑 폭도)""이라고 부르는 이러한 상황은 앞으로 독일의 조화로운 노사 관계를 시험하게 될 것입니다."
5,news,test-en-news_economist.14223,The protests were ostensibly set off by the government's decision to end subsidies for diesel fuel used in agriculture and to cut an exemption from car tax for farm vehicles.,이번 시위의 표면적인 도화선은 농업용 디젤 연료에 대한 보조금 지급 및 농장용 차량에 대한 자동차세 면제를 중단한다는 정부의 결정이었다.,표면적으로는 정부의 농업용 경유 보조금 폐지와 농기계 자동차세 감면 혜택 축소 결정이 시위의 도화선이 되었습니다.
6,news,test-en-news_economist.14223,These measures pushed farmers over the edge.,이에 대해 농민들의 분노가 폭발했다.,"이러한 조치는 농민들을 분노하게 만들었고,"
7,news,test-en-news_economist.14223,"It also mobilised other angry workers, already straining under the pressure of inflation, recession and the government's self-imposed austerity.","게다가 이미 인플레이션, 경기 침체, 정부의 자발적 긴축 정책의 압박에 시달려 온 다른 노동자들도 분노의 물결에 동참하기 시작했다.","이미 인플레이션, 경기 침체, 그리고 정부의 자발적인 긴축 정책으로 어려움을 겪고 있던 다른 노동자들까지 결집시켰습니다."
8,news,test-en-news_economist.14223,"On January 9th drivers of freight and passenger trains at Deutsche Bahn, the national railway, began a strike over working hours and pay.",1월 9일에는 국영 철도 회사인 도이체반(Deutsche Bahn)의 화물/여객 열차 기관사들이 노동 시간 및 임금에 관한 요구를 내세우며 파업을 시작했다.,1월 9일에는 독일 국영 철도 회사인 도이치반(Deutsche Bahn)의 화물 및 여객 열차 기관사들이 근무 시간과 임금 인상을 요구하며 파업에 돌입했습니다.
9,news,test-en-news_economist.14223,"In an effort to defuse the tension with the farmers, the government agreed to a gradual removal of the diesel subsidy over three years and to keeping the exemption from the car tax.",독일 정부는 농민들과의 갈등을 진정시키기 위해 디젤 보조금 중단을 3년에 걸쳐 점진적으로 진행하고 자동차세 면제 혜택은 유지하기로 했다.,농민들의 반발을 누그러뜨리기 위해 정부는 3년에 걸쳐 경유 보조금을 단계적으로 폐지하고 자동차세 감면은 유지하기로 합의했다.
10,news,test-en-news_economist.14223,The farmers pooh-poohed the concessions as insufficient.,농민들은 이 절충안이 불충분하다며 불만을 표시했다.,하지만 농민들은 이러한 양보안이 불충분하다며 일축했다.
11,news,test-en-news_economist.14223,"On January 4th an aggressive group of them prevented Robert Habeck, the economy minister, from disembarking from a ferry on his return from a family holiday.",1월 4일에는 그들 중 과격파 그룹이 가족과 휴가를 보내고 돌아오던 로버트 하벡 경제부 장관이 페리에서 내리는 것을 막는 일도 있었다.,"1월 4일, 과격 시위대는 로베르트 하베크 경제부 장관이 가족 휴가를 마치고 여객선에서 내리는 것을 막았다."
12,news,test-en-news_economist.14223,"If the train drivers are similarly unimpressed, that could prove expensive for German business, reckons IW Köln, a think-tank.",기관사들의 불만도 해결되지 않는다면 독일 경제계가 막대한 비용을 치를 수도 있다고 싱크탱크인 독일경제연구소(IW Köln)는 예상한다.,싱크탱크인 IW 쾰른은 만약 기관사들도 이와 같이 양보안에 만족하지 못한다면 독일 기업들에게 큰 손실을 초래할 수 있다고 예측했다.
13,news,test-en-news_economist.14223,The rail strike could cost businesses €100m ($110m) a day if it forced them to interrupt production.,철도 파업으로 기업의 생산이 중단될 경우 하루 1억 유로(1억 1천만 달러)의 손해가 발생할 수 있다.,철도 파업이 발생하여 기업들이 생산을 중단해야 할 경우 하루에 1억 유로(1억 1천만 달러)의 손실이 발생할 수 있다.
14,news,test-en-news_economist.14223,"The car, chemical and steel industries, Germany's biggest, are especially reliant on rail transport.","독일의 최대 산업인 자동차, 화학, 철강 분야는 철도 수송에 대한 의존도가 특히 높다.","독일의 주요 산업인 자동차, 화학, 철강 산업은 특히 철도 운송에 대한 의존도가 높다."
15,news,test-en-news_economist.14223,"The workers"" mood is increasingly angry.",노동자들은 점점 더 격앙되는 분위기이다.,노동자들의 분위기가 점점 더 분노로 치닫고 있습니다.
16,news,test-en-news_economist.14223,"""Appeals are circulating with fantasies of revolution,"" warned Mr Habeck.","""혁명의 환상에 휩쓸리는 중""이라고 하벡 장관은 경고했다.","하벡 장관은 ""혁명에 대한 환상을 담은 호소문들이 퍼지고 있다""고 경고했습니다."
17,news,test-en-news_economist.14223,The far-right Alternative for Germany party is doing its best to fan the grievances.,극우 정당인 '독일을 위한 대안'(Alternative for Germany)은 열성을 다해 불만을 부채질하는 중이다.,극우 정당인 독일을 위한 대안(AfD)은 이러한 불만을 부추기기 위해 전력을 다하고 있습니다.
18,news,test-en-news_economist.14223,"In Dresden the Free Saxons, another far-right group, infiltrated the farmers"" protest calling for the ""extinction of the traffic light"" (as the governing coalition of the Social Democrats, Free Democrats and Greens is referred to because of their party colours).","드레스덴에서 또 다른 극우 단체인 '자유로운 작센'(Free Saxons)은 농민들의 시위에 침투하여 (각 당을 상징하는 색상 때문에 사회민주당, 자유민주당, 녹색당의 집권 연합을 뜻하는) '신호등의 소멸'을 요구했다.","드레스덴에서는 또 다른 극우 단체인 자유 작센(Freie Sachsen)이 농민 시위에 침투하여 ""신호등의 소멸""(사회민주당, 자유민주당, 녹색당의 연립 정부를 당의 상징색 때문에 이렇게 부릅니다)을 외쳤습니다."
19,news,test-en-news_economist.14223,Thomas Puls of IW Köln fears that the strikes will harm the image of Germany as a place for business.,독일경제연구소의 토마스 풀스는 이 파업 사태로 인해 비즈니스하기 좋은 곳이라는 독일의 이미지가 훼손될 것을 걱정한다.,IW 쾰른의 토마스 풀스는 이번 파업이 독일의 기업 환경 이미지에 악영향을 미칠 것을 우려하고 있습니다.
20,news,test-en-news_economist.14223,"Local bosses are already fretting about a German version of the gilets jaunes protests in France in 2018, which culminated in yellow-jacketed demonstrators torching cars on the Champs-Elysées and the police stepping in with tear gas.","이미 현지 재계는 2018년, 프랑스에서 노란색 재킷을 입은 시위대가 샹젤리제 거리에서 자동차에 불을 붙이고 이에 경찰이 최루탄을 쏘며 대응했던 노란 조끼 운동의 독일판이 벌어질까 우려하고 있다.",현지 기업 경영진들은 이미 2018년 프랑스에서 노란 조끼 시위대가 샹젤리제 거리에서 차량에 불을 지르고 경찰이 최루탄으로 진압했던 사건처럼 독일판 '노란 조끼' 시위가 발생할 것을 걱정하고 있습니다.
21,news,test-en-news_economist.14223,"Jochen Kopelke, head of Germany's police union, warned in an interview with Tagesspiegel, a daily, that the farmers were probably ""just the start of an enormous wave of protest this year.""","요헨 코펠케 독일 경찰 노조 대표는 일간지 타게스스피겔과의 인터뷰에서 농민 시위는 아마도 ""올해 벌어질 거대한 저항 운동의 시작일 뿐""이라고 경고했다.","독일 경찰 노조 위원장인 요헨 코펠케는 일간지 타게스슈피겔과의 인터뷰에서 농민들의 시위는 ""올해 엄청난 규모의 시위 물결의 시작일 뿐일 것""이라고 경고했습니다."
22,news,test-en-news_economist.14223,"Germany was the only big economy to shrink in 2023, and the year ended on an especially sour note, with an unexpected drop in business confidence in December.",독일은 2023년에 경제 대국 중 유일하게 역성장을 기록했다. 특히 12월에 뜻하지 않게 기업 신뢰도가 하락하는 등 우울한 분위기로 마무리했다.,"독일은 2023년에 역성장한 유일한 주요 경제국이며, 특히 12월 기업 신뢰도가 예상치 못하게 하락하면서 한 해를 불안하게 마무리했습니다."
23,news,test-en-news_economist.14223,This year is shaping up to be even tougher.,올해의 상황은 더 힘들어지리라 예상된다.,올해 경제 상황은 더욱 어려워질 것으로 예상됩니다.
24,news,test-en-news_newsweek.63908,Government Shutdown Debate Fuels House Republican Civil War,"정부 셧다운 논의, 하원 공화당의 내전에 기름을 붓다","정부 셧다운 논쟁, 공화당 내홍 심화"
25,news,test-en-news_newsweek.63908,Conservative spending hawks in the House of Representatives bucked party leadership today - derailing a series of votes - in protest of Speaker Mike Johnson's recent spending deal with Democratic leadership that they feel does not go far enough in fiscal reductions.,재정 삭감이 충분하지 않다고 주장하는 하원의 보수 지출 매파가 민주당 지도부와 마이크 존슨 하원 의장의 지출 합의에 항의하며 일련의 투표 이탈과 함께 최근 당 지도부를 흔들고 있습니다.,하원의 재정적 보수파 의원들이 최근 마이크 존슨 하원의장이 민주당 지도부와 타결한 지출 협상안이 재정 감축에 충분하지 않다고 반발하며 당 지도부의 뜻에 반기를 들고 일련의 표결을 무산시켰다.
26,news,test-en-news_newsweek.63908,"While the Louisiana Republican can avoid confronting the issue for now, on January 19 the country will face its deadline to pass four of 12 annual spending bills.","루이지애나 공화당이 당분간 해당 이슈로 인한 충돌을 피할 수 있게 된 사이, 1월 19일 미국은 12개의 연간 지출 법안 중 4개를 통과시켜야 하는 마감 기한을 맞게 됩니다.","루이지애나 출신의 이 공화당원은 현재로서는 해당 문제에 대한 직접적인 대응을 피할 수 있지만, 1월 19일 국가는 12개의 연간 지출 법안 중 4개를 통과시켜야 하는 시한에 직면하게 됩니다."
27,news,test-en-news_newsweek.63908,"Johnson has publicly stated that he would not support a ""continuing resolution"" (CR) to extend the deadline on these four bills to the February 2 due date for the remaining eight.","존슨 의장은 해당 4개 법안의 마감 기한을 나머지 8개 법안의 마감 기한인 2월 2일로 연장하기 위해 ""예산 계속 결의안""(CR)을 지지하지 않겠다고 공개적으로 언급했습니다.","존슨 의원은 나머지 8개 법안의 기한인 2월 2일까지 이 4개 법안의 처리 시한을 연장하는 ""계속 결의안""(CR)을 지지하지 않겠다고 공개적으로 밝혔습니다."
28,news,test-en-news_newsweek.63908,"However, with that deadline just 9 days away, Senate Republican Leader Mitch McConnell has said Congress will need to pass a CR to keep things open, meaning the speaker may soon break a promise he made, largely to appease his right flank.","그러나, 마감 기한을 겨우 9일 남겨두고 미치 맥코넬 상원 공화당 원내대표는 의회가 결정에 대한 여지를 남겨두기 위해 예산 계속 결의안을 통과시켜야 할 것이라고 말했는데 이는 의장이 전반적으로 자신의 우익을 달래기 위해 약속을 곧 깰 것임을 의미합니다.","그러나 마감시한이 불과 9일 앞으로 다가온 가운데, 미치 매코널 상원 공화당 원내대표는 정부 기능 유지를 위해 의회가 임시 예산안(CR)을 통과시켜야 할 것이라고 말했습니다. 이는 하원의장이 주로 강경 우파를 달래기 위해 했던 약속을 곧 어길 수도 있음을 의미합니다."
29,news,test-en-news_newsweek.63908,Such a maneuver could ignite a heated ideological battle in a closely divided House over the GOP's role in spending cuts that may see the government face a partial shutdown or Johnson removed from his job.,그러찬 책략은 지출 삭감을 주장하는 공화당과 거의 분열되다시피한 하원간의 달아오른 이념 전쟁에 불을 붙일 수 있고 정부가 부분적인 셧다운에 돌입하거나 존슨 의장이 해임되는 상황을 보게 될 수 있을 것입니다.,"이러한 움직임은 정부의 부분적인 셧다운이나 존슨 의장의 해임 가능성을 야기할 수 있는 지출 삭감에 대한 공화당의 역할을 두고, 근소한 차이로 양분된 하원에서 격렬한 이념 논쟁을 촉발할 수 있습니다."
30,news,test-en-news_newsweek.63908,"""I've been very clear that CRs are not the way to fund our government that the Budget Act of 1974 calls for us to pass the 12 appropriation bills,"" Congressman Matt Rosendale of Montana told Newsweek.",예산 계속 결의안으로는 12개의 세출 법안을 통과시켜야 하는 1974년 예산법을 적용하는 미국 정부의 자금을 지원할 수 없다는 점에 대해 저는 명확한 입장을 고수해왔습니다 라고 매트 로젠데일 몬타나 주 하원 의원은 뉴스위크지를 통해 밝혔습니다.,"몬태나주 하원의원 맷 로젠데일은 뉴스위크와의 인터뷰에서 ""저는 계속해서 분명히 말씀드렸습니다. 연속 결의안(CR)은 1974년 예산법이 요구하는 12개의 세출 예산안을 통과시켜야 하는 우리 정부의 자금 조달 방식이 아닙니다.""라고 밝혔다."
31,news,test-en-news_newsweek.63908,"""We've had ample time to do that, and if the leadership does not direct the committees to get the work done and the members to be able to vote upon it, that therein lies the breakdown.""","""시간이 충분했었는데 지도부가 위원회로 하여금 일을 마무리하고 구성원들이 해당 사안에 대해 투표하는 방향으로 이끌지 못한다면 분열이 일어나게 되죠.""","""우리에게는 그럴 충분한 시간이 있었고, 지도부가 위원회에 업무를 지시하고 의원들이 투표할 수 있도록 하지 않는다면, 바로 거기에 문제가 있습니다."""
32,news,test-en-news_newsweek.63908,"House Speaker Mike Johnson is pictured in the U.S. Capitol on December 12, 2023, in Washington, D.C. Johnson faces an unruly Republican conference that cannot reach an agreement on government spending levels.",마이크 존슨 하원 의장이 2023년 12월 12일 워싱턴 DC의 미국 국회의사당에서 카메라에 잡혔습니다. 존슨 하원 의장은 공화당 회의를 앞두고 있는데  정부의 지출 수위 합의에 도달하기 좀처럼 쉽지 않을 것으로 보입니다.,2023년 12월 12일 워싱턴 D.C. 미국 국회의사당에서 촬영된 마이크 존슨 하원의장. 존슨 의장은 정부 지출 수준에 대한 합의에 이르지 못하는 다루기 힘든 공화당 의원총회에 직면해 있다.
33,news,test-en-news_newsweek.63908,"Rosendale, a member of the hard-right Freedom Caucus, was one of the individuals who derailed the Wednesday votes.",극우 성향의 프리덤 코커스 소속인 로젠데일 의원은 수요일 투표에서 이탈한 의원 중 한 명입니다.,극우 성향의 프리덤 코커스 소속인 로젠데일은 수요일 표결을 무산시킨 의원 중 한 명이었다.
34,news,test-en-news_newsweek.63908,He views the top line number in Johnson's deal as being too high and as doing too little to cut the $34 trillion national debt.,그는 34조 달러에 달하는 국가 부채를 경감하기에 존슨 의장이 합의한 지출 수치가 너무 높고 한 일은 너무 없다는 견해를 밝혔습니다.,그는 존슨의 합의안에 명시된 상한선이 너무 높고 34조 달러에 달하는 국가 부채 감축에는 미흡하다고 보고 있다.
35,news,test-en-news_newsweek.63908,"Rosendale was also among the 71 Republicans who opposed the Fiscal Responsibility Act struck between Democrats and former Speaker Kevin McCarthy, a deal that set the parameters for Johnson's recent negotiation with Senate Democratic Leader Charles Schumer.",로젠데일 의원 역시 71명의 공화당 의원 중에서 민주당 의원들과 전 하원 의장 케빈 매카시 간에 갈등을 일으켰던 재정 책임 법안에 반대한 의원 중 한 명이며 당시 합의로 존슨 의장과 찰스 슈머 민주당 상원 원내대표와의 최근 교섭의 한도가 결정되었습니다.,"로젠데일은 민주당과 전 하원의장 케빈 매카시 사이에 체결된 재정책임법에 반대하는 71명의 공화당 의원 중 한 명이었으며, 이 법안은 최근 존슨 대통령과 상원 민주당 원내대표 척 슈머 간의 협상의 기본 틀을 마련했습니다."
36,news,test-en-news_newsweek.63908,"Johnson celebrated his deal for cutting an estimated $16 billion in spending, but the Freedom Caucus believes he could have gotten more.",존슨 의장은 160억 달러 지출 추정치의 삭감을 자축했지만 프리덤 코커스는 더 삭감해야 했다고 주장했습니다.,"존슨은 약 160억 달러의 지출 삭감을 이뤄낸 합의를 자축했지만, 자유의회연맹은 그가 더 많은 것을 얻어낼 수 있었다고 생각한다."
37,news,test-en-news_newsweek.63908,"Moderate Republicans who backed McCarthy's deal see that stance as unrealistic and running counter to the Republican goal of forcing Congress to pass the 12 individual spending bills as opposed to the ""omnibus"" measure of recent years, which combined those 12 bills into one vote.","매카시의 합의를 지지한 온건파 공화당원들은 그러한 입장이 비현실적이며 12개 법안을 결합하여 한 번의 투표로 결정하도록 한 최근 수년간의 ""통합"" 법안에 반대하여 의회가 12개의 지출 법안을 각각 통과시키도록 압력을 행사하려는 공화당의 목표에 어긋난다고 보았습니다.","매카시의 합의안을 지지했던 온건 공화당원들은 그러한 입장이 비현실적이며, 최근 몇 년간 12개의 개별 세출 법안을 하나의 표결로 묶어 처리했던 ""옴니버스"" 방식 대신, 의회가 12개의 개별 세출 법안을 통과시키도록 강제하려는 공화당의 목표에 역행한다고 보고 있다."
38,news,test-en-news_newsweek.63908,"""New year, same idiotic behavior by some,"" New York Republican Representative Mike Lawler told Newsweek.",새해에 누군가는 똑같은 바보같은 짓을 할 겁니다 라고 마이크 롤러 뉴욕 출신 공화당 대표는 뉴스위크지를 통해 밝혔습니다.,"""새해가 됐지만 일부 의원들의 어리석은 행동은 여전하네요."" 뉴욕주 공화당 하원의원 마이크 롤러는 뉴스위크와의 인터뷰에서 이렇게 말했다."
39,news,test-en-news_newsweek.63908,"""We're not doing an omnibus, so each bill is going to have to be dealt with at conference and negotiated.","""통합식이 아니라 각 법안이 회의에서 다뤄지고 협상되도록 할 것입니다.","""우리는 예산안을 일괄 처리하지 않을 것이기 때문에 각 법안은 위원회에서 논의되고 협상되어야 합니다."
40,news,test-en-news_newsweek.63908,"Obviously, the reality is we're probably gonna need more time to do that.",분명히 현실적으로는 그렇게 되기 위해 좀 더 시간이 필요할 지도 모르겠습니다.,현실적으로 그러기 위해서는 더 많은 시간이 필요할 겁니다.
41,news,test-en-news_newsweek.63908,"And I don't support a government shutdown, so I have no problem with doing a short-term CR that allows for this process to be completed.""","저는 정부 셧다운을 지지하지 않으므로 본 처리가 마무리 되도록 하는 예산 계속 결의안을 단기적으로 실행하는 것에 동의합니다.""","저는 정부 셧다운을 지지하지 않기 때문에 이러한 절차가 완료될 수 있도록 단기 지출 승인(CR)을 하는 것에 아무런 문제가 없습니다."""
42,news,test-en-news_newsweek.63908,Congress has not passed all 12 bills individually since 1996.,의회는 1996년 이후로 12개 법안을 개별적으로 통과시킨 적이 없습니다.,1996년 이후 의회는 12개의 법안을 개별적으로 통과시키지 못했습니다.
43,news,test-en-news_newsweek.63908,Lawler said it's worth delaying passage of four of the bills to ensure the process is done right.,롤러 대표는 처리 과정이 제대로 이루어지도록 4개의 법안 통과를 미루는 것이 의미가 있다고 말했습니다.,Lawler는 절차의 정확성을 확보하기 위해 네 개의 법안 통과를 지연시키는 것이 가치 있다고 말했습니다.
44,news,test-en-news_newsweek.63908,"If Congress cannot pass the 12 bills by December, under the Fiscal Responsibility Act, a 1 percent budget cut would be applied to defense and non-defense discretionary spending.",만약 의회가 12월까지 12개 법안을 통과시키지 못하면 재정 책임 법안에 의거하여 국방비와 비국방비 재량 지출에 1%의 예산 삭감이 적용됩니다.,"의회가 12월까지 12개 법안을 통과시키지 못할 경우, 재정 책임법에 따라 국방 및 비국방 재량 지출에 1%의 예산 삭감이 적용될 것입니다."
45,news,test-en-news_newsweek.63908,"Congressman Thomas Massie of Kentucky, one of the Republican Party's most vocal budget hawks but not among those who protested the Wednesday vote, said a yearlong CR that triggers the 1 percent spending cut may be the most feasible way to keep the government open while ending ongoing ""brinkmanship.""","공화당에서 가장 강경한 예산 매파로서 목소리를 내는 의원 중 한 명이지만 수요일 투표에서 시위를 하지는 않았던 켄터키 주 출신 토마스 마시 하원 의원은 1 퍼센트의 지출 삭감을 촉발하게 될 일 년에 걸친 예산 계속 결의안은 계속된 ""위기 정책""을 끝내고 정부가 열려 있도록 하기 위해 가장 실현 가능성 있는 방법이 될 것이라고 말했습니다.","켄터키주 공화당 소속 토마스 매시 하원의원은 당내에서 가장 강력한 재정 긴축론자 중 한 명이지만 수요일 표결에 반대하지는 않았다. 그는 1%의 지출 삭감을 유발하는 1년짜리 계속 예산 결의안(CR)이 현재의 ""벼랑 끝 전술""을 끝내면서 정부 운영을 유지할 수 있는 가장 현실적인 방법일 수 있다고 말했다."
46,news,test-en-news_newsweek.63908,"However, he said the most ""responsible way"" to cut spending would be to pass all 12 bills.","그러나 그는 지출 삭감을 위해 가장 ""책임질 수 있는 방식""은 12개의 법안을 모두 통과시키는 것이라고 말했습니다.","그러나 그는 지출을 줄이는 가장 ""책임감 있는 방법""은 12개 법안 모두를 통과시키는 것이라고 말했다."
47,news,test-en-news_newsweek.63908,"With many Republicans reticent to see a shutdown and a 1 percent cut to defense spending, the urgency to pass the bills could see enough Republicans ally with Democrats to extend the deadline on the four spending bills and reach an agreement to fund the government, even if doing so puts Johnson in hot water with some of those on the hard right.","셧다운과 국방비 지출 1 퍼센트 삭감을 원하는 입을 다문 다수 공화당원들과 더불어, 법안을 통과시켜야 한다는 급박함으로  다수 공화당원들은 비록 존슨 의장과 몇몇 극우파 의원들이 곤경에 처하게 될지라도 4개 지출 법안에 대한 마감 기함을 연장하고자 민주당원들과 손을 잡고 정부에 자금을 지원하는 데 합의하게 될 수 있습니다.","많은 공화당원들이 정부 셧다운과 국방비 1% 삭감을 꺼리는 상황에서, 법안 통과의 시급성으로 인해 충분한 수의 공화당원들이 민주당과 협력하여 4개의 예산안 처리 시한을 연장하고 정부 재정 지원에 대한 합의에 도달할 수 있을 것이다. 비록 그렇게 하는 것이 존슨을 강경 우파 일부와 갈등하게 만들더라도 말이다."
48,news,test-en-news_newsweek.63908,"""That [1 percent cut] is supposed to be motivation and leverage to get 12 separate bills done,"" Massie told Newsweek.",그 [1 퍼센트]가 12개 각각의 법안을 통과시켜야 하는 이유이자 영향력이 될 것입니다 라고 마시 의원은 뉴스위크지에서 밝혔습니다.,"""(1% 삭감은) 12개의 개별 법안을 통과시키기 위한 동기 부여와 지렛대 역할을 하도록 의도된 것입니다.""라고 매시 의원은 뉴스위크와의 인터뷰에서 말했다."
49,news,test-en-news_newsweek.63908,"""So, I think we could do a one-year CR, we can argue, and then we hit that tiny little bump in the road, then hopefully everybody's motivated to come to their senses.","""제 생각에 일 년에 걸친 예산 계속 결의안을 진행하고 논의한다면 과정 중의 약간의 어려움을 극복할 수 있을 것이고 모두가 정확한 판단을 내릴 수 있게 되리라 봅니다.","""그래서 저는 1년짜리 CR(계속 결의안)을 처리할 수 있다고 생각합니다. 논의를 거쳐 그 작은 난관에 부딪히면 모두가 정신을 차리도록 동기 부여가 될 것이라고 기대합니다."
50,news,test-en-news_newsweek.63908,"That's the way I would do it.""","제 방식은 그렇습니다.""","제가 한다면 그렇게 할 겁니다."""
51,news,test-en-news_pa.52742,Regulators Approve New Bitcoin ETFs in Watershed Moment for Crypto,"규제 기관, 암호화폐의 분수령이 되는 순간에 새로운 비트코인 ETF 승인","규제 당국, 획기적인 순간에 비트코인 ETF 승인"
52,news,test-en-news_pa.52742,"The Securities and Exchange Commission begrudgingly approved exchange-traded funds that directly hold bitcoin Wednesday, a move long-awaited by fans of digital currencies and criticized by financial watchdogs skeptical of the crypto industry.",증권거래위원회는 수요일에 비트코인을 직접 보유하는 상장지수펀드를 마지못해 승인했습니다. 이는 디지털 통화 지지자들이 오랫동안 기다려온 조치이자 암호화폐 산업에 회의적인 금융 감독 기관의 비판을 받은 조치입니다.,"미국 증권거래위원회(SEC)는 수요일, 비트코인에 직접 투자하는 상장지수펀드(ETF)를 마지못해 승인했다. 이는 디지털 화폐 지지자들이 오랫동안 기다려온 결정이지만, 암호화폐 산업에 회의적인 금융 감독 기관들의 비판을 받고 있다."
53,news,test-en-news_pa.52742,"The commission authorized 10 exchange-traded funds, or ETFs, that invest in bitcoin, including funds proposed by giants such as Blackrock and Fidelity as well as by smaller financial companies.","위원회는 Blackrock, Fidelity 등 거대 금융사와 소규모 금융사가 제안한 펀드를 포함하여 비트코인에 투자하는 10개의 상장지수펀드(ETF)를 승인했습니다.",위원회는 블랙록과 피델리티 같은 대기업뿐만 아니라 소규모 금융 회사들이 제안한 펀드를 포함하여 비트코인에 투자하는 10개의 상장지수펀드(ETF)를 승인했습니다.
54,news,test-en-news_pa.52742,"""While we approved the listing and trading of certain spot Bitcoin ETP shares today, we did not approve or endorse Bitcoin,"" SEC Chair Gary Gensler said in a statement.","Gary Gensler SEC 의장은 성명서를 통해 ""우리는 오늘 특정 현물 비트코인 ETP 주식의 상장과 거래를 승인했지만 비트코인을 승인하거나 지지하지는 않았다""며","""오늘 특정 현물 비트코인 ETP 주식의 상장 및 거래를 승인했지만, 비트코인 자체를 승인하거나 지지한 것은 아닙니다.""라고 게리 겐슬러 SEC 위원장은 성명에서 밝혔습니다."
55,news,test-en-news_pa.52742,"""Investors should remain cautious about the myriad risks associated with Bitcoin and products whose value is tied to crypto.""","""투자자들은 비트코인 및 암호화폐와 가치가 연계되어 있는 상품과 관련하여, 수많은 위험에 주의를 기울여야 한다""고 말했습니다.","""투자자들은 비트코인 및 가치가 암호화폐에 연동된 상품과 관련된 수많은 위험에 대해 계속해서 신중해야 합니다."""
56,news,test-en-news_pa.52742,Gensler also added that the approval of the bitcoin funds did not imply the SEC would approve funds or exchange-traded products (ETPs) based on other digital currencies or assets.,Gensler는 또한 비트코인 펀드의 승인이 다른 디지털 통화나 자산을 기반으로 한 펀드나 거래소 상장 상품(ETP)을 승인한다는 것을 의미하지는 않는다고 덧붙였습니다.,겐슬러 위원장은 또한 비트코인 펀드 승인이 다른 암호화폐나 자산 기반의 펀드 또는 상장지수펀드(ETF) 승인을 의미하는 것은 아니라고 덧붙였다.
57,news,test-en-news_pa.52742,"""Importantly, today's Commission action is cabined to ETPs holding one non-security commodity, bitcoin.","""중요한 것은 오늘 위원회의 조치가 비증권 상품인 비트코인을 보유한 ETP에 국한되어 있다는 점이다.","겐슬러 위원장은 ""중요한 것은 오늘 위원회의 조치는 비증권 상품인 비트코인 하나만을 보유한 ETP에 국한된다는 점입니다."
58,news,test-en-news_pa.52742,It should in no way signal the Commission's willingness to approve listing standards for crypto asset securities.,이것이 위원회가 암호화폐 자산증권에 대한 상장 기준을 승인할 의향이 있다는 신호는 결코 아니다.,이는 결코 위원회가 암호자산 증권 상장 기준 승인 의사가 있음을 시사하는 것이 아닙니다.
59,news,test-en-news_pa.52742,"Nor does the approval signal anything about the Commission's views as to the status of other crypto assets under the federal securities laws or about the current state of non-compliance of certain crypto asset market participants with the federal securities laws,"" Gensler said.","또한 이번 승인은 연방 증권법에 따른 다른 암호화폐 자산의 상태나 특정 암호화폐 자산 시장 참여자의 연방 증권법 미준수 현황에 대한 위원회의 견해를 나타내지도 않는다""라고 Gensler는 말했습니다.","또한 이번 승인은 연방 증권법 하에서 다른 암호자산의 지위에 대한 위원회의 견해나, 특정 암호자산 시장 참여자들의 연방 증권법 위반 현황에 대해 어떠한 의미도 내포하지 않습니다.""라고 말했습니다."
60,news,test-en-news_pa.52742,The SEC rejected applications for similar funds for years.,SEC는 수년간 유사한 펀드에 대한 신청을 거부했습니다.,증권거래위원회(SEC)는 수년간 유사한 펀드 신청을 거부해 왔습니다.
61,news,test-en-news_pa.52742,"Last year, however, the U.S. Court of Appeals for the District of Columbia ruled against the SEC's refusal to approve an application from Grayscale to convert a derivative fund into one that would directly bitcoin, calling the SEC's position ""","그러나 지난 해 컬럼비아 특별구 미국 항소 법원은 파생 펀드를 직접 비트코인을 보유할 수 있는 펀드로 전환하려는 Grayscale의 신청을 승인하지 않은 SEC의 결정에 반대하는 판결을 내리고 SEC의 입장을 다음과 같이 평가했습니다. ""","그러나 작년에 컬럼비아 특별구 항소 법원은 그레이스케일이 파생 상품 펀드를 비트코인에 직접 투자하는 펀드로 전환하는 신청을 승인하지 않은 SEC의 결정에 대해 SEC의 입장을 """
62,news,test-en-news_pa.52742,"""Based on these circumstances and those discussed more fully in the approval order, I feel the most sustainable path forward is to approve the listing and trading of these spot bitcoin ETP shares,"" Gensler explained.","Gensler는 ""이러한 상황과 승인 명령에서 자세히 논의된 내용을 바탕으로 이러한 현물 비트코인 ETP 주식의 상장 및 거래를 승인하는 것이 가장 지속 가능한 길이라고 생각한다""고 설명했습니다.","겐슬러 위원장은 ""이러한 상황과 승인 명령서에 더 자세히 논의된 내용을 바탕으로, 현물 비트코인 ETP 주식의 상장 및 거래를 승인하는 것이 가장 지속 가능한 길이라고 생각합니다.""라고 설명했습니다."
63,news,test-en-news_pa.52742,The much-anticipated approval has been hailed as a watershed event for digital currencies that proponents say will broaden access to investing in bitcoin and possibly lead to broader acceptance of cryptocurrencies as legitimate financial assets.,많은 기대를 모았던 승인은 지지자들이 비트코인 투자에 대한 접근성을 넓히고 암호화폐를 합법적인 금융 자산으로 광범위하게 수용하게 될 것이라고 말하는 디지털 통화의 분수령이 되는 사건으로 환영받고 있습니다.,"많은 기대를 모았던 승인은 디지털 화폐의 분수령이 되는 사건으로 환영받고 있습니다. 지지자들은 이 승인으로 비트코인 투자 접근성이 확대되고, 암호화폐가 합법적인 금융 자산으로 더 널리 인정받는 계기가 될 것이라고 주장합니다."
64,news,test-en-news_pa.52742,"The price of bitcoin has exploded higher in recent months, rising from around $25,000 in September to more than $45,000, in part because many bitcoin investors believe the ETFs will create more demand for the asset.","비트코인 가격은 최근 몇 달 동안 폭등하여 9월 약 25,000달러에서 45,000달러 이상으로 상승했습니다. 그 이유 중 하나는 많은 비트코인 투자자들이 ETF가 자산에 대한 더 많은 수요를 창출할 것이라고 믿기 때문입니다.","최근 몇 달 동안 비트코인 가격은 급등하여 9월 약 25,000달러에서 45,000달러 이상으로 상승했습니다. 이는 많은 비트코인 투자자들이 ETF가 비트코인 수요를 더욱 증가시킬 것으로 예상하기 때문입니다."
65,news,test-en-news_pa.52742,Critics blasted the SEC on Wednesday night.,비평가들은 수요일 밤에 SEC를 맹비난했습니다.,"수요일 밤, 비평가들은 증권거래위원회(SEC)를 맹비난했다."
66,news,test-en-news_pa.52742,"Dennis M. Kelleher, Co-founder, President, and CEO of Better Markets, said the approval is a ""an historic mistake that will not only unleash crypto predators on tens of millions of investors and retirees but will also likely undermine financial stability.""","Better Markets의 공동창업자이자 회장겸 CEO인 Dennis M. Kelleher는 이번 승인이 ""수천만 명의 투자자와 은퇴자들에게 암호화폐 약탈자를 노출시킬 뿐만 아니라 금융 안정성을 약화시킬 수 있는 역사적인 실수""라고 말했습니다.","베터 마켓츠의 공동 설립자이자 사장 겸 CEO인 데니스 M. 켈러는 이번 승인은 ""수천만 명의 투자자와 은퇴자에게 암호화폐 약탈자들을 풀어놓을 뿐만 아니라 금융 안정성을 해칠 가능성이 높은 역사적인 실수""라고 말했습니다."
67,news,test-en-news_pa.52742,"""With the flagrantly lawless crypto industry crashing and burning due to a mountain of arrests, criminal convictions, bankruptcies, lawsuits, scandals, massive losses, and millions of investor and customer victims, who would have thought that the SEC would come to its rescue by approving a trusted and familiar investment vehicle that will enable the mass marketing of a known worthless, volatile, and fraud-filled financial product to Main Street Americans,"" Kelleher said.","Kelleher는 ""수많은 체포, 형사 유죄 판결, 파산, 소송, 스캔들, 상당한 손실, 수백만 명의 투자자와 고객 피해자로 인해 무법 상태의 암호화폐 산업이 붕괴되고 초토화된 상황에서, SEC가 알려진 무가치하고 변동성이 크며 사기성이 높은 금융 상품을 주류 미국인들에게 대량으로 마케팅할 수 있는 신뢰할 수 있고 친숙한 투자 수단을 승인하여 구제에 나설 것이라고 누가 생각했을까요?""라고 말했습니다.","켈러허는 ""뻔뻔스럽게 불법적인 암호화폐 업계가 수많은 체포, 유죄 판결, 파산, 소송, 스캔들, 막대한 손실, 그리고 수백만 명의 투자자와 고객 피해자를 낳으며 무너지고 있는 가운데, 누가 SEC가 신뢰할 수 있고 익숙한 투자 수단을 승인함으로써 월스트리트가 알려진 대로 가치 없고 변동성이 크며 사기로 가득 찬 금융 상품을 일반 미국인들에게 대량 판매할 수 있도록 구제해 줄 것이라고 생각했겠는가?""라고 말했다."
68,news,test-en-news_scotsman.87445,"Don't let SNP to turn health service crisis into the ""new normal"" - Scotsman comment","SNP가 의료 서비스 위기를 ""뉴 노멀""로 전환하게 하지 마라 - Scotsman 논평","SNP가 보건 서비스 위기를 ""새로운 정상""으로 만들도록 내버려둬선 안 된다 - 스코츠맨 논평"
69,news,test-en-news_scotsman.87445,"As the latest tranche of NHS figures reveals more bad news, we should be outraged","최신 NHS 수치 자료에서 더 많은 나쁜 소식이 드러남에 따라, 우리는 분노해야 함","최근 발표된 NHS 통계에서 또 다시 좋지 않은 소식이 드러나면서, 우리는 분노해야 합니다."
70,news,test-en-news_scotsman.87445,"An 83-hour wait in a hospital A&E; four-in-ten patients waiting longer than four hours; 30 ambulances queuing outside a hospital, unable to respond to other emergency calls; staff ""leaving shifts in tears"" over the standard of care and ""a near collapse of performance,"" according to an expert at the Royal College of Emergency Medicine.","영국 왕립 응급의학 대학의 전문가에 따르면 병원 응급실에서 83시간을 대기하고, 10명 중 4명의 환자가 4시간 이상 대기하고, 구급차 30대가 병원 밖에 줄을 서서 다른 응급 전화에 응답하지 못하고, 직원들은 진료 기준을 초과하여 ""눈물을 흘리며 교대 근무를 그만두고"", ""수행이 거의 붕괴""되었다고 합니다.","응급실에서 83시간 대기; 환자 10명 중 4명이 4시간 이상 대기; 다른 응급 호출에 응답하지 못하고 병원 밖에 30대의 구급차가 줄지어 대기; 응급의학협회 전문가에 따르면 직원들은 치료 수준에 대한 부담감으로 ""눈물을 흘리며 퇴근""하고 있으며 ""의료 체계 붕괴 직전"" 상황이다."
71,news,test-en-news_scotsman.87445,"If anyone dares to say that Scotland's NHS is not in a state of crisis or that these are just the usual winter problems, we should be outraged.",스코틀랜드의 NHS가 위기 상황에 처해 있지 않다거나 흔한 겨울철 문제에 불과하다고 말하는 사람이 있다면 우리는 분노해야 합니다.,"누군가 감히 스코틀랜드 NHS가 위기에 처하지 않았다거나, 이것이 그저 흔한 겨울철 문제일 뿐이라고 말한다면, 우리는 분노해야 합니다."
72,news,test-en-news_scotsman.87445,"The danger is that politicians like the embattled Health Secretary, Michael Matheson, will succeed in their efforts to convince us that, while regrettable, this is somehow acceptable, that there is nothing more that ministers can do in the circumstances, that this is the new normal.","위험한 것은, 곤경에 처한 보건부 장관 Michael Matheson과 같은 정치인들이 유감스럽지만 이것은 어떻게든 받아들일 수 있는 일이고, 장관들은 이 상황에서 더 할 수 있는 일이 없으며, 이것은 뉴 노멀이라고 우리를 납득시키는 데 성공할 것이라는 점입니다.","문제는 마이클 매티슨 보건장관처럼 궁지에 몰린 정치인들이 유감스럽지만 어쩔 수 없다는 식으로, 현재 상황에서 장관들이 할 수 있는 일이 더 이상 없다는 식으로, 이것이 새로운 정상이라는 식으로 우리를 설득하려는 시도가 성공할 수 있다는 것입니다."
73,news,test-en-news_scotsman.87445,"Amid calls for his resignation over the abject failure of the SNP's NHS recovery plan, Matheson spoke of how the ""heightened winter pressure"" was ""not unique to Scotland.""","SNP의 NHS 복구 계획이 처참히 실패함에 따라 사임 요구가 거세지자, Matheson은 ""강화된 겨울 압박""이 ""스코틀랜드만의 문제가 아니다""고 말했습니다.","SNP의 NHS 회복 계획이 완전히 실패하면서 사퇴 압박에 시달리는 가운데, 매티슨은 ""겨울철 의료 체계 부담 가중""이 ""스코틀랜드만의 문제가 아니""라고 발언했습니다."
74,news,test-en-news_scotsman.87445,"Instead of ""blame Westminster,"" the attempted defence this time was ""Westminster's just as bad,"" as if that provided any comfort to the legions of patients forced to wait for hours on end in pain and distress.","이번에는 ""웨스트민스터를 탓""하는 대신, 고통과 괴로움 속에서 몇 시간 동안 계속 대기해야 했던 수많은 환자에게 위안이 된 것처럼 ""웨스트민스터도 마찬가지로 나쁘다""라고 방어했습니다.","이번에는 ""웨스트민스터를 비난하는"" 대신, 마치 고통과 괴로움 속에서 몇 시간씩 기다려야 하는 수많은 환자들에게 위로가 되기라도 하는 듯 ""웨스트민스터도 마찬가지로 심각하다""는 변명을 시도했습니다."
75,news,test-en-news_scotsman.87445,"He admitted that the age-old problem of delayed discharge - in which patients well enough to leave hospital cannot do so, often because the necessary social care is not available - was a ""major factor,"" but claimed an action plan was being ""implemented at pace.""","Matheson은 오래된 퇴원 지연 문제(환자가 병원에서 퇴원할 수 있을 만큼 건강하지만 필요한 사회적 돌봄을 받을 수 없어서 퇴원하지 못하는 문제)가 ""주요 요인""이라고 인정했지만 조치 계획이 ""빠른 속도로 구현되고 있다""고 주장했습니다.","그는 오랫동안 병원을 떠날 만큼 건강이 회복되었지만 필요한 사회적 지원 부족으로 퇴원하지 못하는 환자들로 인한 고질적인 퇴원 지연 문제가 ""주요 원인""임을 인정하면서도, 해결책이 ""빠르게 시행""되고 있다고 주장했습니다."
76,news,test-en-news_scotsman.87445,"Given this has been a persistent issue for years, few will have high hopes the SNP has finally found a solution.",이 문제는 수년 동안 지속되어 왔으므로 SNP가 마침내 해결책을 찾았다고 큰 기대를 하는 사람은 거의 없을 것입니다.,"하지만 이 문제가 수년간 지속되어 왔다는 점을 고려할 때, SNP가 드디어 해결책을 찾았다고 믿는 사람은 거의 없을 것입니다."
77,news,test-en-news_scotsman.87445,"Indeed, new Public Health Scotland figures show the situation is actually getting worse: 1,910 people were delayed in hospital in November, up from 1,730 in April.","실제로 스코틀랜드 공중보건부의 새로운 수치에 따르면 상황이 사실상 더 악화되고 있습니다. 병원에서 지연된 환자 수가 4월에는 1,730명이었고 11월에는 1,910명으로 더 증가했습니다.","실제로 스코틀랜드 공중보건국(Public Health Scotland)의 새로운 통계자료는 상황이 악화되고 있음을 보여줍니다. 4월에 1,730명이었던 병원 내 체류 지연 환자 수가 11월에는 1,910명으로 증가했습니다."
78,news,test-en-news_scotsman.87445,One reason why ambulances cannot drop off patients promptly is that A&E departments are full because wards are full.,구급차가 환자를 즉시 내려주지 못하는 한 가지 이유는 병실에 자리가 없어서 응급실 과가 꽉 찼기 때문입니다.,구급차가 환자를 신속하게 이송하지 못하는 이유 중 하나는 병동이 가득 차 응급실도 포화상태이기 때문입니다.
79,news,test-en-news_scotsman.87445,"Judging by the state of our hospitals, the SNP's talk of recovery plans and action plans is simply that - talk, and dangerous talk at that.","우리 병원들의 상태를 보면 SNP에서 말하는 복구 계획과 조치 계획은 그저 말뿐이며, 그것도 위험한 말입니다.","병원들의 현 상황을 보면, 스코틀랜드 국민당(SNP)의 회복 계획과 실행 계획에 대한 이야기는 단지 말뿐이며, 그것도 위험한 말일 뿐입니다."
80,news,test-en-news_scotsman.87445,"We must not allow incompetent politicians to lull us into complicity in the demise of that great British institution, the National Health Service.",무능한 정치인들이 우리를 거대한 영국 기관인 국민 보건 서비스(NHS)의 몰락에 공모시키도록 해서는 안 됩니다.,우리는 무능한 정치인들이 그 위대한 영국 기관인 국민보건서비스(NHS)의 몰락에 우리를 방관자로 만들도록 내버려 두어서는 안 됩니다.
81,news,test-en-news_scotsman.87448,Construction waste recycling firm opens new Cumbernauld plant amid circular economy drive,순환경제가 본격화하는 가운데 컴버널드에 새 공장을 연 건설 폐기물 재활용 회사,"건설 폐기물 재활용 기업, 순환 경제 활성화 위해 컴버널드에 새 공장 설립"
82,news,test-en-news_scotsman.87448,Move will also help transform land at the derelict Gartshore Works site.,방치되었던 가트쇼어 워크스 부지도 새롭게 변모할 것으로 기대된다.,이번 조치는 또한 버려진 가츠쇼어 공장 부지의 토지 변형에도 도움이 될 것입니다.
83,news,test-en-news_scotsman.87448,A Scottish recycling business that has already processed more than a million tonnes of construction waste has opened a second plant following a multi-million pound investment.,건설 폐기물 처리 실적이 1백만 톤을 돌파한 스코틀랜드의 재활용 전문 기업이 수백만 파운드를 들여 지은 제2 공장을 개설했다.,이미 백만 톤 이상의 건설 폐기물을 처리한 스코틀랜드 재활용 기업이 수백만 파운드를 투자하여 두 번째 공장을 열었습니다.
84,news,test-en-news_scotsman.87448,"Brewster Brothers"" wash plants transform 100 per cent of the excavated soils and rubble they process from the construction industry into high-value aggregates for reuse.",브루스터 브라더스(Brewster Brothers)의 워시 플랜트에서는 건설 산업의 굴착 공사에서 발생하는 흙 및 잔해물을 처리하여 재사용 가능한 고부가가치 골재로 100% 변환한다.,브루스터 브라더스의 세척 플랜트는 건설 업계에서 발생하는 굴착 토양과 잔해를 100% 재활용하여 고부가가치 골재로 생산합니다.
85,news,test-en-news_scotsman.87448,"Over the past six years, the firm's site near Livingston, West Lothian has prevented almost 1.35 million tonnes of construction, demolition and excavation waste going to landfill.","웨스트 로디언 리빙스턴 인근에 위치한 이 회사의 공장에서 지난 6년간 135만 톤가량의 건설, 철거, 굴착 폐기물을 처리한 덕분에 이 쓰레기가 매립될 운명을 피할 수 있었다.","지난 6년 동안 웨스트 로디언 리빙스턴 인근에 위치한 이 회사는 거의 135만 톤에 달하는 건설, 철거 및 굴착 폐기물의 매립을 방지했습니다."
86,news,test-en-news_scotsman.87448,It has created more than one million tonnes of recycled aggregates to sell into the industry.,그로부터 건설용 재활용 골재가 1백만 톤 이상 생산되었다.,그리고 100만 톤 이상의 재활용 골재를 생산하여 업계에 판매했습니다.
87,news,test-en-news_scotsman.87448,"As part of a £6 million-plus expansion of the business, Brewster has now opened its second recycling site, regenerating the old Gartshore Works near Cumbernauld.",이제 브루스터가 6백만 파운드 넘게 투자한 사업 확장 전략의 일환으로 제2 재활용 공장을 열면서 이 공장이 위치한 컴버널드 인근의 오래된 가트쇼어 워크스 지역도 재생의 물꼬가 트였다.,"600만 파운드(약 96억 원) 이상의 사업 확장의 일환으로, 브루스터는 컴버널드 인근의 옛 가트쇼어 공장 부지를 재생하여 두 번째 재활용 공장을 열었습니다."
88,news,test-en-news_scotsman.87448,"The new plant will serve construction sites, housing and utilities developments in the western part of the Central Belt.","이 새 공장은 센트럴 벨트 서부 지역의 건설, 주택 개발, 공익사업 현장에 서비스를 제공할 것이다.","새로운 공장은 센트럴 벨트 서부 지역의 건설 현장, 주택 및 공공시설 개발 사업에 서비스를 제공할 것입니다."
89,news,test-en-news_scotsman.87448,"The plant near Livingston, which currently employs 39 people, will continue to provide sustainable waste management services and recycled aggregates to businesses in Edinburgh, Fife and the Lothians.","현재 39명을 고용하고 있는 리빙스턴 인근의 공장은 계속해서 에딘버러, 파이프, 로디언 지역의 기업에 지속 가능한 폐기물 관리 서비스와 재활용 골재를 공급한다.","현재 39명의 직원을 고용하고 있는 리빙스턴 인근의 기존 공장은 에든버러, 파이프 및 로디언 지역의 기업들에게 지속 가능한 폐기물 관리 서비스와 재활용 골재를 계속해서 제공할 것입니다."
90,news,test-en-news_scotsman.87448,"Scott Brewster, managing director, who set up the business in 2017 alongside his father, Alex, said: ""It's increasingly clear that the construction sector in Scotland appreciates the need to reduce the amount of natural resources that the industry uses and the amount of carbon it emits while increasing use of recycled and secondary materials.","2017년에 그의 아버지, 알렉스와 함께 이 회사를 세운 스콧 브루스터 전무 이사는 이렇게 말한다. ""분명히도, 스코틀랜드 건설 업계는 천연자원 사용량과 탄소 배출량을 줄이면서 재활용 자재 및 2차 자재 사용을 늘릴 필요성을 느끼고 있다.","스콧 브루스터 상무는 2017년 부친 알렉스와 함께 사업을 시작했으며, 다음과 같이 말했습니다."
91,news,test-en-news_scotsman.87448,"The volume of construction, demolition and excavation waste that's been recycled over the last six years has grown enormously, and our investment into this second site demonstrates that there's room for a further expansion in this area.","지난 6년 새 건설, 철거, 굴착 공사 폐기물의 재활용 규모는 비약적으로 늘어났으며, 따라서 이번 제2 공장에 대한 투자는 이 분야가 더욱 확장될 가능성이 있음을 입증한다.","""스코틀랜드 건설 업계는 업계에서 사용하는 천연 자원의 양과 배출되는 탄소량을 줄이는 동시에 재활용 및 부산물 자재의 사용을 늘려야 한다는 필요성을 점점 더 크게 인식하고 있습니다. 지난 6년 동안 재활용된 건설, 철거 및 굴착 폐기물의 양은 엄청나게 증가했으며, 이 두 번째 부지에 대한 투자는 이 분야의 추가 확장 여지가 있음을 보여줍니다."""
92,news,test-en-news_scotsman.87448,"""Scotland has big ambitions for transitioning to a circular economy, and the government plans to bring in a new devolved aggregates tax that should accelerate the shift away from the use of virgin products.""","스코틀랜드는 순환경제로 전환하겠다는 웅대한 포부를 세웠으며, 이에 정부는 신재 원료 사용 감축에 속도를 낼 위임 골조세를 신설할 계획이다.","스코틀랜드는 순환 경제로의 전환에 큰 포부를 가지고 있으며, 정부는 천연 자원 사용을 줄이기 위해 새로운 지방 분권 골재세 도입을 계획하고 있습니다."
93,news,test-en-news_scotsman.87448,As part of the firm's redevelopment of the derelict Gartshore Works site it has recruited new members of staff supported by Scottish Enterprise's Green Jobs Fund.,"이 회사는 가트쇼어 워크스 폐부지 재개발 사업의 일환으로, 스코틀랜드 기업청(Scottish Enterprise) 녹색 일자리 펀드(Green Jobs Fund)의 지원을 받아 신규 직원을 채용했다.",회사는 방치된 가츠쇼어 공장 부지 재개발 사업의 일환으로 스코틀랜드 기업청의 녹색 일자리 기금 지원을 받아 신규 직원을 채용했습니다.
94,news,test-en-news_scotsman.87448,"The firm will also recycle the old bing of colliery waste on the site, and the area will be turned into a country park for the local community.","아울러 이 현장의 오래된 탄광 폐기물도 재활용할 계획이며, 이곳은 현지 공동체를 위한 생태 공원으로 탈바꿈할 것이다.","또한 부지 내 기존의 탄광 폐기물 더미를 재활용하고, 해당 지역을 지역 사회를 위한 공원으로 조성할 계획입니다."
95,social,test-en-social_111975617901079872,"I guess I should find a job, but I'm quite lazy.",일자리를 구해야 할 것 같은데 저는 정말 게을러서요.,"취직해야 할 것 같은데, 좀 게으르네요."
96,social,test-en-social_111975617901079872,"Hire me now, I'll drink all your beer.","절 채용하세요, 그럼 당신의 맥주를 모두 마셔드릴게요.","저 좀 뽑아주세요, 맥주 다 마셔드릴게요."
97,social,test-en-social_111975617901079872,"not so much lazy, but fatigued, even after all this time.",게으르기보다는 피곤한 것이죠. 그토록 많은 시간이 지났지만.,"게으르다기보다는, 오랜 시간이 지났는데도 여전히 피곤해."
98,social,test-en-social_111975617901079872,time. rosemary and thyme,"시간(time), 로즈메리, 타임(thyme).",피곤해. 로즈마리와 타임 향이 나.
99,social,test-en-social_111975617901079872,"yeah bro, I probably wouldn't hire me, might fall asleep.","이봐 형씨, 나 같으면 나를 고용하지 않을 거야, 잠들어버릴지도 모르지.","야, 나 같아도 나 안 뽑을 듯. 졸지도 몰라."
100,social,test-en-social_111975617901079872,but you totallly should.,하지만 당신은 나를 고용해야 해.,근데 너는 진짜 해봐야 돼.
101,social,test-en-social_111975617901079872,that beer aint drinking itself aye,"맥주가 저절로 사라지지는 않으니까, 응",맥주가 지가 알아서 마셔지진 않잖아.
102,social,test-en-social_111975617901079872,I mean I've drunlk all the beer but still don't have a job. WTF.,이 맥주를 다 마셨는데도 직업이 없어요. 망할.,맥주는 다 마셨는데 아직도 직장이 없네. 아 진짜.
103,social,test-en-social_111975617901079872,How does this universe even work,도대체 이 세상이 어떻게 돌아가는 거야,이 세상은 대체 어떻게 돌아가는 거야?
104,social,test-en-social_111975617901079872,"tbf, the beer is was fikn awesome",솔직히 맥주는 정말 끝내줬어요,"솔직히, 맥주 진짜 끝내줬어."
105,social,test-en-social_111975617901079872,is was hehehe gotta find moar beer,정말 헤헤헤 맥주를 더 찾아야겠네,있었다 히히 더 많은 맥주 찾아야겠다
106,social,test-en-social_111975617901079872,ps hire me or hire someone better,제발 날 고용해줘요 아니면 더 나은 사람을 구하던가,추신: 저를 채용해 주세요 아니면 더 나은 사람을 고용하세요.
107,social,test-en-social_111975617901079872,I'm not your mum,나는 네 엄마가 아니야,난 네 엄마가 아니야
108,social,test-en-social_111975617901079872,"I don't even remember what I can do anymore., Might upgrade to whiskey.","뭘 더 할 수 있을지 기억나지도 않아, 위스키로 업그레이드해 볼까.",뭘 할 수 있는지도 이젠 기억이 안 나네. 위스키로 바꿔볼까.
109,social,test-en-social_111977498791056432,"Since I have so few followers here, it's a safe place to catalogue my #Zelda failures.",여기는 팔로워가 별로 없어서 나의 #Zelda 실패담을 기록해도 안전한 곳이야.,팔로워가 별로 없으니 여기는 제 #젤다 실패들을 기록하기에 안전한 곳 같네요.
110,social,test-en-social_111977498791056432,"Three times I've tried to pick up a tree trunk with an axe, smashing it up instead. 🤦‍♀️",나는 세 번이나 도끼로 나무 줄기를 찍어 올리려 하다가 부숴버렸어. 🤦‍♀️,나무토막을 도끼로 들어 올리려다가 세 번이나 박살 내버렸어요. 🤦‍♀️
111,social,test-en-social_111977498791056432,Make that four times,네 번째 도전해봐,네 번으로 하죠.
112,social,test-en-social_111977498791056432,Did an impressive summersault and smashed my raft in a single move,멋지게 공중제비를 돌고 단번에 뗏목을 부숴버렸지,멋진 공중제비를 돌았는데 그 한 방에 래프트를 박살 내버렸지 뭐야.
113,social,test-en-social_111977498791056432,Pushing myself into the crevasse with a giant baseball,거대한 야구공을 들고 틈새 속으로 비집고 들어가기,거대한 야구공으로 크레바스 안으로 몸을 밀어 넣었다.
114,social,test-en-social_111977498791056432,Killed myself with my own boomerang,내가 던진 부메랑을 맞고 죽다니,부메랑에 맞아 죽었어.
115,social,test-en-social_111977498791056432,I hate lava #firetemple,용암이 싫어 #firetemple,용암 진짜 싫어 #불의신전
116,social,test-en-social_111977498791056432,Starting to be bored of sludge too #watertemple,슬러지도 슬슬 지겨워지네 #watertemple,슬러지도 슬슬 지겨워지네 #물의신전
117,social,test-en-social_111977498791056432,Back to this. I hate Queen Gidbo,돌아와. 나는 기드보 여왕이 싫어.,다시 이 얘기로 돌아와서. 난 기드보 여왕이 싫어.
118,social,test-en-social_111977498791056432,Just discovered the upgrade where you can see where you've been.,내가 지금까지 어디에 있었는지 확인할 수 있는 업그레이드를 발견했어.,방문했던 장소를 볼 수 있는 업그레이드 기능을 방금 발견했어요.
119,social,test-en-social_111977498791056432,After 4 months of playing this game.,이 게임을 하면서 4개월이 지났네.,이 게임을 4개월 동안 플레이한 후에.
120,social,test-en-social_111977498791056432,I've definitely been going about this the wrong way.,내가 지금까지 잘못된 방향으로 갔던 게 분명해.,내가 완전히 잘못된 방식으로 하고 있었네.
121,social,test-en-social_111977498791056432,facepalmed right into the ground,땅에 얼굴을 갖다 댔다,땅에 얼굴을 묻었다
122,social,test-en-social_111977498791056432,It's been a while since I've updated this thread.,이 스레드를 업데이트한 지 꽤 오래되었네요.,오랜만에 이 글을 업데이트하네요.
123,social,test-en-social_111977498791056432,Finally defeated Queen Gidbo.,드디어 기드보 여왕을 물리쳤어요.,드디어 기드보 여왕을 처치했습니다.
124,social,test-en-social_111977498791056432,"Having read ahead, the next few battles sound like hard work.",미리 읽어봤는데 앞으로 몇 번의 전투가 힘들 것 같아요.,"미리 읽어봤는데, 앞으로 몇 번의 전투는 꽤 힘들 것 같네요."
125,social,test-en-social_111977498791056432,I just want to wander around and occasionally pick some mushrooms.,주변을 좀 돌아다니다가 가끔 버섯이나 따고 싶네.,그냥 여기저기 돌아다니면서 가끔 버섯이나 따고 싶어요.
126,social,test-en-social_111977766001055104,Moon landing time (about an hour to go),달 착륙 시간(약 1시간 남음),달 착륙 시간 (약 1시간 남음)
127,social,test-en-social_111977766001055104,The lander is about the size of old UK telephone box...,이 착륙선은 영국의 옛 공중전화 박스만 한 크기이다...,착륙선은 영국의 옛날 공중전화 부스 크기 정도입니다...
128,social,test-en-social_111977766001055104,3 minutes to go...,3분 남았음...,3분 남았습니다...
129,social,test-en-social_111977766001055104,"They had to patch some extra lasers into the landing system, hence the earlier delay:",착률 시스템에 추가 레이저 패치 작업을 해야 했기 때문에 앞서 지연되었음:,착륙 시스템에 추가 레이저를 몇 개 더 설치해야 했어요. 그래서 아까 지연되었던 겁니다
130,social,test-en-social_111977766001055104,60 seconds… No comms yet...,60초… 아직 통신 없음...,60초… 아직 연락 없음...
131,social,test-en-social_111977766001055104,Live feed says that they have a signal,라이브 피드에 의하면 신호가 있다,실시간 중계에서 신호를 잡았다고 합니다.
132,social,test-en-social_111977766001055104,"""We're on the surface and transmitting""",표면에 착륙했고 전송 중이다,지표면에 도착해서 송신하고 있습니다.
133,social,test-en-social_112109186993725712,"So, my life kind of sucks right now.",요즘 사는 게 괴롭네요.,"그러니까, 내 인생이 요즘 좀 엉망이야."
134,social,test-en-social_112109186993725712,And this is why,그 이유를 말씀드리죠.,그리고 이것이 바로 그 이유입니다.
135,social,test-en-social_112109186993725712,This is the state of my upstairs bathroom right now.,위층 욕실이 이런 상태랍니다.,지금 우리 집 위층 욕실 상태가 이래요.
136,social,test-en-social_112109186993725712,My brother came and ripped it all out and I’ve been putting off starting to work to put it all back together,제 동생이 와서 죄다 뜯어냈어요. 제가 다시 설치해야 하는데 차일피일 미루고 있어요,"남동생이 와서 다 뜯어 놨는데, 다시 원상복구하는 작업을 시작하는 걸 계속 미루고 있어요."
137,social,test-en-social_112109186993725712,"Blech. Okay, so I finished pulling the insulation out. Holy crap!","윽, 좋아요, 단열재 제거는 마쳤네요. 젠장!","으으. 좋아, 단열재 빼는 거 끝냈어. 헐!"
138,social,test-en-social_112109186993725712,The tyvek suit… super good call.,타이벡 수트… 탁월한 선택이에요.,타이벡 슈트… 진짜 잘 생각했네.
139,social,test-en-social_112109186993725712,"Despite getting really hot and sweaty and overall nasty, the state that suit was in afterwards is way better than all that junk being on me.","정말 후덥지근해지고 땀으로 흥건해지고 전반적으로 꼴사나운 모습이 되지만, 온갖 쓰레기가 나에게 달라붙는 것보다는 훨씬 낫죠.","엄청 덥고 땀나고 완전 <binary data, 1 bytes><binary data, 1 bytes><binary data, 1 bytes><binary data, 1 bytes><binary data, 1 bytes><binary data, 1 bytes>하긴 했지만, 그 슈트 상태를 보니까 그 먼지들이 내 몸에 다 묻는 것보단 훨씬 낫더라."
140,social,test-en-social_112109186993725712,So I guess next is scoring a line on the ceiling and pulling that down then putting the new one up as fast as I can.,다음에 할 일은 천장에 선을 그리고 아래로 떼어낸 다음 최대한 빨리 새 것을 설치하는 것이죠.,그럼 다음은 천장에 선을 긋고 그 부분을 뜯어낸 다음에 최대한 빨리 새것을 붙이는 거겠네요.
141,social,test-en-social_112109186993725712,"@user16 Ugh, fiberglass insulation gets everywhere!","@user16 윽, 유리섬유 단열재가 사방에 있네요!","으으, 유리섬유 단열재가 사방에 다 붙네!"
142,social,test-en-social_112109186993725712,"Great idea, using a painter's suit, I need to remember that!","페인터 수트 착용은 좋은 아이디어네요, 꼭 기억해야겠어요!",작업복 입는 거 좋은 생각이야. 꼭 기억해야겠다!
143,social,test-en-social_112109186993725712,@user17 Girl… get one.,@user17 하나 장만하세요.,@사용자17 야… 하나 사.
144,social,test-en-social_112109186993725712,"I think it was 18bucks but looking at what could have been stuck all over me, WELL worth it.","18달러 준 것 같은데, 이걸 입지 않았다면 제 온몸에 잔뜩 달라붙었겠죠. 돈 주고 살 만합니다.","18달러였던 것 같은데, 온몸에 붙어있었을 걸 생각하면 돈이 전혀 아깝지 않아요."
145,social,test-en-social_112109186993725712,And a respirator… use it. For real.,방진 마스크도요… 꼭 쓰세요.,그리고 마스크… 꼭 쓰세요. 진짜로.
146,social,test-en-social_112109186993725712,I broke the seal on it a few times just moving my face I guess,"얼굴을 움직이다가 봉제선이 뜯어진 것 같은데,",얼굴을 움직이다 보니 몇 번 씰이 떨어졌나 봐요.
147,social,test-en-social_112109186993725712,and my nose started running from whatever the heck is floating around up there.,도대체 공기 중에 뭐가 떠다니는지 콧물이 줄줄 흐르기 시작했어요.,그 위에 뭐가 떠다니는지 모르겠지만 콧물이 나기 시작했어요.
148,social,test-en-social_112109186993725712,@user16 I'm a solid proponent of using protective gear!,@user16 보호 장비 사용에 적극 찬성해요!,@user16님 저는 보호 장비 사용의 확고한 지지자입니다!
149,social,test-en-social_112110250600185424,"Sally Rooney used to debate, and once you know that it is easy to see those techniques in both her novels and essays.","샐리 루니는 토론을 즐겼죠, 그녀의 소설과 에세이에서 그러한 기법을 쉽게 찾아볼 수 있답니다.","샐리 루니는 토론을 했었는데, 그 사실을 알고 나면 그녀의 소설과 에세이에서 그런 기법들을 쉽게 발견할 수 있다."
150,social,test-en-social_112110250600185424,And she is very adept with the English language.,그리고 그녀는 영어라는 언어를 정말 잘 구사해요.,그리고 그녀는 영어에 매우 능숙합니다.
151,social,test-en-social_112110250600185424,"That is to say, it is a delight, she employed all of this excellent skill in a service of a larger social point this week.",기쁘게도 그녀가 이번주에 더 웅대한 사회적 이슈를 위해 이 뛰어난 솜씨를 발휘했습니다.,"즉, 그녀가 이 훌륭한 기술을 모두 더 큰 사회적 요점을 위한 활동에 사용했다는 것은 기쁜 일입니다."
152,social,test-en-social_112110250600185424,ps - i hope we are past the point of being apologetic about liking her novels or defending them as average.,ps - 그녀의 소설을 좋아하는 것에 대해 변명하거나 평균작이라고 변호하던 시절은 지났기를 바랍니다.,추신 - 그녀의 소설을 좋아하는 것에 대해 변명하거나 평범하다고 옹호해야 하는 단계는 지났으면 좋겠네요.
153,social,test-en-social_112110250600185424,"They are so not the books i would have picked up myself, but once i did, it is clear that the craft is definitely beyond reproach.","제가 직접 골라서 읽을 책은 아니었지만, 일단 읽어보니 정말 나무랄 데 없는 필력이에요.","내가 직접 고를 책들은 절대 아니었지만, 막상 읽어보니 그 솜씨는 확실히 나무랄 데가 없었다."
154,social,test-en-social_112110250600185424,"And i do like characters having long conversations, superbly aware of their political roles and yet ignorant to their emotional needs.",등장 인물들이 긴 대화를 나누는 게 좋습니다. 자신의 정치적 입장은 잘 알지만 감정적 욕구는 아직 잘 모르는 이들이죠.,등장인물들이 자신의 정치적 역할은 꿰뚫고 있으면서도 정작 자신의 감정적 욕구에는 무지한 채 긴 대화를 나누는 모습이 마음에 들었다.
155,social,test-en-social_112110250600185424,Part of growing up.,성장하는 중이니까요.,어른이 되어가는 과정의 일부인 것 같다.
156,social,test-en-social_112110250600185424,"Oh right, here is Sally Rooney latest essay","네, 샐리 루니의 최신 에세이입니다","아, 맞다. 샐리 루니의 최신 에세이 여기 있어요."
157,social,test-en-social_112110250600185424,@user38 heard this essay was good and it is,@user38 이 에세이가 좋다는 얘기를 들었는데 정말 그렇네요,@user38 이 에세이 좋다고 들었는데 진짜 좋네요
158,social,test-en-social_112110250600185424,"@user39 i just stumbled upon her essay from a while back about her debating days and let me say,",@user39 얼마 전에 그녀가 토론하던 시절에 관해 쓴 에세이를 우연히 발견했어요.,"@user39 예전에 쓴 그분 토론 시절 에세이를 우연히 읽었는데,"
159,social,test-en-social_112110250600185424,it clearly laid out why i feel apathy towards certain form of podcast that is seen as cornerstone of 'informative discussion',이른바 '유익한 대화'의 기초라고 여겨지는 특정 유형의 팟캐스트에 전혀 끌리지 않는 이유를 분명히 알게 되었죠.,왜 내가 '정보 토론'의 초석으로 여겨지는 특정 형식의 팟캐스트에 무관심한지 명확하게 알겠더라고요.
160,social,test-en-social_112111385848391872,Absolute rocket from from Stroud on a perfect half turn to goal.,완벽한 하프 턴으로 골문을 강타하는 스트라우드의 최강 로켓 슛.,스트라우드의 완벽한 턴 동작 후에 나온 로켓같은 슛!
161,social,test-en-social_112111385848391872,Really tough not to buy that the league tells officials to help Miami when that’s not a penalty.,리그 측이 심판들에게 페널티가 아니더라도 마이애미에 유리하게 해달라고 말했다 해도 믿을 지경이다.,리그에서 심판들에게 마이애미를 도우라고 지시한다는 생각을 안 하기가 정말 어렵네요. 저건 페널티가 아니었는데.
162,social,test-en-social_112111385848391872,"Probably Pirani's best game this season, but he still just needs to be better.","아마도 피라니의 이번 시즌 최고의 경기이겠지만, 그는 더 나아져야 한다.","피라니 선수 이번 시즌 최고의 경기였을지도 모르지만, 여전히 더 발전해야 합니다."
163,social,test-en-social_112111385848391872,Like the aggressive call to sub him out for an offensive minded player like Fletcher.,그를 플레처처럼 공격적인 자세의 선수로 교체한 대담한 결정이 맘에 든다.,플레처 선수처럼 공격적인 선수로 교체한 과감한 결정은 좋았습니다.
164,social,test-en-social_112111385848391872,Amazing how there's two PKs #DCU should have had and got neither.,#DCU가 2개의 PK를 얻어야 했는데 하나도 얻지 못했다니 놀랍다.,믿을 수 없네. #DCU가 페널티킥 두 개는 받았어야 했는데 하나도 못 받았어.
165,social,test-en-social_112111385848391872,The fix is so in for Miami #MLS #mastodonfc,마이애미에 유리하게 정해진 결과 #MLS #마스토던fc,마이애미 쪽으로 완전 편파 판정이네. #MLS #mastodonfc
166,social,test-en-social_112111385848391872,"Well, perhaps ball doesn't lie.","글쎄, 공은 거짓말을 하지 않을 테지.","글쎄, 역시 축구는 거짓말을 하지 않네요."
167,social,test-en-social_112111385848391872,What an awful give away by Klich.,클리히의 엄청난 실책이야.,클리히의 어처구니없는 패스 미스였습니다.
168,social,test-en-social_112111385848391872,Can't win when your DP plays that sloppy.,수비수들의 플레이가 그렇게 엉성하면 이길 수 없어.,수비형 미드필더가 저렇게 허술하게 플레이하면 이길 수 없죠.
169,social,test-en-social_112111385848391872,Absolute meltdown.,완전히 무너졌군.,완전 망했네.
170,social,test-en-social_112111385848391872,"Obviously, the officiating hamstrung them, but the last twenty minutes are the play of the team that did not deserve to win.","심판들이 문제였던 건 분명하지만, 마지막 20분의 플레이는 이 팀이 이길 자격이 없음을 보여주었어.","심판 판정이 발목을 잡은 건 분명하지만, 마지막 20분은 이길 자격이 없는 팀의 경기력이었어."
171,social,test-en-social_112111385848391872,Very curious to see how this #DCU team responds to a game that's best forgotten.,이 #DCU 팀이 잊혀지는 게 가장 좋은 경기에 어떻게 반응할지 정말 궁금해.,이번 #DCU 팀이 잊고 싶은 경기에 어떻게 반응할지 정말 궁금하네요.
172,social,test-en-social_112111385848391872,"They've had a bright start and sometimes bad games just happen, but they looked completely outclasses as the game went on.","쾌조의 스타트를 했고 때로 나쁜 플레이도 보여주었지만, 진행될수록 정말 압도적인 모습이었어.","좋은 출발을 보였지만, 가끔은 이런 경기도 있는 법이죠. 하지만 경기가 진행될수록 완전히 압도당하는 모습이었어요."
173,social,test-en-social_112111385848391872,"@user7 who give a crap, go Badgers Women’s hockey! Hahaha","@user7 누가 뭐래도, 배저스 여자 하키팀 화이팅! 하하하",@user7 신경이나 쓰겠어요? 배저스 여자 하키팀 화이팅! ㅋㅋㅋ
174,social,test-en-social_112111385848391872,@user8 Last free weekend for a while.,@user8 이번 주말을 마지막으로 당분간 쉴 틈이 없겠네.,@사용자8 당분간 마지막으로 노는 주말이네.
175,social,test-en-social_112112271633685072,Next week Saturday: Picocon @ London,다음주 토요일: 피코콘 @ 런던,다음 주 토요일: 런던 피코콘
176,social,test-en-social_112112271633685072,Easter weekend: Eastercon 2024 at Telford.,부활절 주말: 텔포드에서 열리는 이스터콘 2024.,부활절 주말: 텔퍼드에서 열리는 2024 이스터콘
177,social,test-en-social_112112271633685072,After that a couple of site visits on Saturdays with a client in Swansea.,그 다음에는 스완지의 고객과 함께하는 몇 차례의 현장 방문이 토요일에 잡혀 있네요.,그 후 토요일에 스완지에 있는 고객과 함께 현장 방문을 두어 번 했습니다.
178,social,test-en-social_112112271633685072,"I better get some motorbikes fixed, or else!",오토바이를 고치든 해야겠어요!,"오토바이 좀 고쳐야겠는데, 안 그러면 큰일 나겠어!"
179,social,test-en-social_112112271633685072,Damn this rusty K1100! Is there a single screw which has not seized?!,"젠장, 이 녹슨 K1100! 제대로 돌아가는 나사가 하나라도 있을까요?!","젠장, 이 녹슨 K1100 같으니! 안  seized 된 나사가 하나라도 있긴 한 거야?!"
180,social,test-en-social_112112271633685072,Finally the battery is out.,마침내 배터리가 빠졌네요.,드디어 배터리 빼냈다.
181,social,test-en-social_112112271633685072,"Managed to wiggle it out w/o removing the last screw needed, but that screw will need dealing with.",마지막 나사를 제거하지 않고 간신히 빼냈습니다. 하지만 이 나사는 손봐야겠어요.,"마지막 나사를 풀지 않고도 겨우 빼내긴 했는데, 그 나사는 어떻게 해야 할 것 같다."
182,social,test-en-social_112112271633685072,Tomorrow morning's task. Almost there.,내일 아침에 해야죠. 거의 다 됐네요.,내일 아침에 해야지. 거의 다 됐어요.
183,social,test-en-social_112112271633685072,"New one is in place, just need some black isolation tape to be sure.","새 것을 장착했고, 이제 검정색 절연 테이프로 확실히 고정하면 됩니다.","새 거 설치했고, 확실하게 하려고 검정 절연 테이프만 있으면 돼요."
184,social,test-en-social_112112271633685072,Got some somewhere but exactly where?,어딘가에 있을 텐데 정확히 어디일까요?,어딘가에 있는데 정확히 어디였더라?
185,social,test-en-social_112112271633685072,Heheh not one but three! Success!,헤헤 하나가 아니라 셋이네요! 성공!,헤헤 세 개씩이나! 성공!
186,social,test-en-social_112112271633685072,Last thing remaining is bolting the seat back.,이제 등받이 볼트만 조이면 됩니다.,마지막으로 시트 등받이를 볼트로 고정하면 됩니다.
187,social,test-en-social_112112980319428992,"Getting my eyes checked, because there was a decent deal for it here, and my left eye’s been weird for some time now, so maybe they can tell me something what’s happening.","여기서 괜찮은 행사를 하길래 눈 검사를 받았어요. 왼쪽 눈이 얼마 전부터 이상했는데, 어떤 상태인지 알려주겠죠.",괜찮은 할인 행사가 있어서 눈 검사를 받으러 왔어요. 왼쪽 눈이 한동안 이상해서 뭐가 문제인지 알 수 있을까 해서요.
188,social,test-en-social_112112980319428992,"I’m splurging on a new set of frames, these red ones I reeeeally like.",큰 돈 들여 새 안경테를 장만하려 해요. 이 빨간색이 정말 마음에 드네요.,새 안경테 좀 질렀어. 이 빨간색 진짜 마음에 들어.
189,social,test-en-social_112112980319428992,"So, apparently the ghost image my left eye sees isn’t too much of a concern.",왼쪽 눈에서 희미한 상이 보이는 건 큰 문제가 아닌 듯해요.,"그러니까, 왼쪽 눈에 보이는 잔상은 크게 걱정할 필요는 없다고 하네요."
190,social,test-en-social_112112980319428992,But I need basically varifocals too.,하지만 저는 가변 초점 기능도 필요해요.,그런데 사실상 다초점렌즈도 필요하대요.
191,social,test-en-social_112112980319428992,So the lenses have a combo of those.,그래서 콤보 렌즈로 하려고요.,그래서 렌즈에 두 가지가 조합되어 있을 거예요.
192,social,test-en-social_112112980319428992,Not the full on varifocals but something in between those and ”normal” glasses (no idea of the terminology in English).,"완전 가변 초점이 아니라 가변 초점 렌즈와 ""일반"" 유리(정확한 용어 모름)의 사이에 해당하는 거죠.",완전한 다초점렌즈는 아니고 일반 안경과 그 중간 정도의 (영어로 뭐라고 하는지 모르겠네요) 그런 거요.
193,social,test-en-social_112112980319428992,"While this was being told to me, I made a decision to get another pair, and that pair are these.",이런 이야기를 듣는 동안 한 벌 더 장만하기로 했어요. 바로 이겁니다.,"이 이야기를 듣는 동안, 다른 한 켤레를 더 사기로 결심했고, 그게 바로 이것들입니다."
194,social,test-en-social_112112980319428992,"@user36 I like both the glasses you posted, these are a really nice colour...","@user36 포스팅한 안경 둘 다 좋네요, 색상이 정말 멋져요...",@user36 올려주신 안경 두 개 다 마음에 들어요. 색깔 진짜 예쁘네요...
195,social,test-en-social_112112980319428992,makes me want new ones 😂,나도 새로 사고 싶다 😂,저도 새 안경 갖고 싶어지네요 😂
196,social,test-en-social_112112980319428992,"@user37 My current collection consists of two green pairs, one blue-purple and one pinkish lilac pair.","@user37 현재 저는 녹색 2벌, 파란색-자주색 1벌, 핑크 빛깔의 라일락색 1벌을 갖고 있어요.","@user37 제 컬렉션은 현재 초록색 두 켤레, 청보라색 한 켤레, 그리고 연분홍 라일락색 한 켤레로 구성되어 있어요."
197,social,test-en-social_112112980319428992,"The last one’s at home currently, but I usually carry at least two pairs with me.","라일락색은 집에 두고 나왔고요, 보통은 2벌을 가지고 다니죠.","마지막 라일락색은 지금 집에 있지만, 보통 두 켤레 이상은 가지고 다녀요."
198,social,test-en-social_112112980319428992,I’ve been tempted to get sunglasses with prescriptions but they don’t make these for that purpose 😆,"도수 있는 선글라스를 사고 싶었는데, 여기서는 그런 용도로 만들지 않네요 😆","도수 있는 선글라스를 사고 싶은 생각이 늘 있었는데, 이런 디자인은 도수 넣어서 안 만들더라고요 😆"
199,social,test-en-social_112112980319428992,I bought the golden aviators on a whim one birthday.,어느 생일에 황금색 애비에이터 선글라스를 충동 구매했어요.,금색 에비에이터 선글라스는 어느 생일에 충동적으로 샀어요.
200,social,test-en-social_112112980319428992,@user36 that second pair is really nice!,@user36 두 번째 안경이 정말 근사해요!,@user36 두 번째 안경 진짜 예쁘네요!
201,social,test-en-social_112112980319428992,I love buying glasses...I never throw them out but somehow I can't find any of the others?!,저는 안경 사는 걸 좋아한답니다... 버린 적도 없는데 왜 다른 안경을 찾을 수 없는 걸까요?,저 안경 사는 거 너무 좋아하는데...  버리진 않았는데 다른 안경들은 다 어디 갔는지 모르겠어요?!
202,social,test-en-social_112112980319428992,"Mine are rainbow coloured at the moment, I need some sunglasses too...","지금 제 건 무지개색이에요, 선글라스도 필요한데...",지금 쓰는 건 무지개색인데 선글라스도 필요해요...
203,social,test-en-social_112112980319428992,but if you need prescription they're so ugly 😂,하지만 도수를 넣으면 안 예쁘겠죠 😂,근데 도수 넣으면 너무 안 예쁘잖아요 😂
204,social,test-en-social_112132847725764752,Just encountered a facial recognition system while boarding an intl flight from Houston's IAH.,방금 휴스턴 IAH에서 국제선에 탑승할 때 안면 인식 시스템이 있더라고요.,휴스턴 IAH 공항에서 국제선 탑승하는데 안면 인식 시스템이 있더라고요.
205,social,test-en-social_112132847725764752,Apparently it's for some customs-related thing??,세관 문제 때문이겠죠??,아마 세관 관련된 건가 봐요??
206,social,test-en-social_112132847725764752,"They said it's not mandatory so I had them pause it and ""manually board"" me","의무 사항은 아니라고 하길래 일시 중지하라고 하고 ""수동 탑승"" 절차를 거쳤어요","의무가 아니라고 해서 일시 중지하고 ""수동 탑승"" 처리해 달라고 했습니다."
207,social,test-en-social_112132847725764752,I should add that they said it's not mandatory only once I went up and explicitly asked •_•,제가 나서서 확실하게 물어보니까 그때서야 의무 사항이 아니라고 하더군요 •_•,"덧붙이자면, 제가 직접 가서 명확하게 물어보고 나서야 비로소 의무가 아니라고 했다는 겁니다 •_•"
208,social,test-en-social_112132847725764752,@user18 what does it check your face against?,@user18 무엇을 기준으로 얼굴을 확인할까요?,@user18 무엇을 기준으로 얼굴을 확인하는 건가요?
209,social,test-en-social_112132847725764752,@user19 I can only assume that it's my visa or passport pic.,@user19 비자나 여권 사진이 아닐까 싶어요.,@user19 비자나 여권 사진 때문인 것 같아요.
210,social,test-en-social_112132847725764752,I should've paid closer attention.,더 꼼꼼히 살펴봤어야 했는데.,좀 더 신경 썼어야 했는데.
211,social,test-en-social_112198063182209776,I was pushing for 100k meters this month and I ought to get there.,이번 달에 십만 미터가 목표라서 거기까지 가야해요.,"이번 달에 10만 미터 목표를 달성하려고 노력했는데, 아마 달성할 수 있을 것 같아요."
212,social,test-en-social_112198063182209776,Now I wonder if a million meters in 2024 might be possible? 🤔,이제 2024년에 백만 미터가 가능할까 생각 중이거든요? 🤔,2024년에 백만 미터 달성 가능할까요? 🤔
213,social,test-en-social_112198063182209776,"Yep, going for the million.","넵, 백만으로 가죠.","네, 백만 가즈아!"
214,social,test-en-social_112198063182209776,You know it's a real goal when there's a spreadsheet to track it.,추적하는 스프레드시트가 있으면 진짜 목표 잖아요.,스프레드시트로 기록하고 있으니 진짜 목표 맞죠.
215,social,test-en-social_112198063182209776,Another month down and I'm still ahead of schedule.,다음 달이 다가오는데 아직 예정보다 빨라요.,한 달 더 지났는데 아직 계획보다 앞서가고 있어요.
216,social,test-en-social_112198063182209776,A quarter of the way through the year update... well ahead of pace!,쭉 올해 업데이트에서 한 분기예요... 페이스보다 앞서고 있어요!,올해 계획의 4분의 1을 완료했습니다... 예상보다 훨씬 빠르네요!
217,social,test-en-social_112198063182209776,@user20 so every day you row at least 2.8km?,@user20 그래서 매일 최소 2.8Km를 노를 젓는다고요?,@user20 그럼 매일 2.8km 이상 노 젓는 거예요?
218,social,test-en-social_112198063182209776,Is that on the erg or on the water?,ERG에서요 아님 물에서요?,"에르고미터에서 하는 건가요, 아니면 물에서 하는 건가요?"
219,social,test-en-social_112198063182209776,"@user21 I only row on weekdays, so I average out to a little over 5K/weekday so far.",@user21 평일에만 노젓기를 해서 지금까지 평균은 평일 하루 당 5천 조금 넘어요.,"@user21 평일만 로잉을 해서, 지금까지 평균 하루 5km 정도 타고 있어요. 여러 방식으로 나눠서 타는데, 로잉 머신(ERG)으로 합니다."
220,social,test-en-social_112198063182209776,I break it up in different ways. On an ERG.,여러가지 방법으로 분석하죠. ERG에서요.,"여러 방식으로 나눠서 타는데, 로잉 머신(ERG)으로 합니다."
221,social,test-en-social_112289379466442912,"Imagine a very long web page with lots of sections (e.g., single-page HTML spec).",섹션이 많은 아주 긴 웹 페이지를 상상해보세요 (예: 싱글 페이지HTML 사양).,아주 긴 웹 페이지에 여러 섹션(예: 단일 페이지 HTML 스펙)이 있다고 가정해 보세요.
222,social,test-en-social_112289379466442912,"If the user requests a specific section (e.g. page.html#section7), what if the web server streamed that section first and the other sections after that?","만약 사용자가 특정 섹션을 요청한 경우(예: page.html#section7), 웹 서버가 해당 섹션을 먼저 스트리밍하고 다른 섹션을 그 다음에 스트리밍 한다면 어떻게 될까요?","사용자가 특정 섹션(예: page.html#section7)을 요청할 경우, 웹 서버가 해당 섹션을 먼저 스트리밍하고 그 후에 다른 섹션을 스트리밍하면 어떨까요?"
223,social,test-en-social_112289379466442912,The browser would then make sure to insert the sections 1 to 6 *above* section 7 on the web page.,그러면 브라우저는 분명 웹페이지에 섹션 7 *위로* 섹션 1에서 6을 삽입할 것입니다.,브라우저는 웹 페이지에서 섹션 7 *위에* 섹션 1부터 6까지를 삽입합니다.
224,social,test-en-social_112289379466442912,Does this make sense?,이해하시겠죠?,이해가 되시나요?
225,social,test-en-social_112289379466442912,Would this be useful?,이것이 유용할까요?,도움이 될까요?
226,social,test-en-social_112289379466442912,What I want to achieve is have the linked section (#section7) render as fast as possible without having to re-implement stuff with JavaScript.,제가 하려는 작업은 JavaScript로 어떤 걸 재실행할 필요 없이 최대한 빨리 제공하는 링크된 섹션(#섹션7)을 확보하는 것입니다.,링크된 섹션(#section7)이 자바스크립트로 다시 구현하지 않고도 최대한 빠르게 렌더링되도록 하고 싶습니다.
227,social,test-en-social_112289379466442912,I just want to have a super long HTML document but still have linked sections render as fast as possible.,아주 긴 HTML 문서이지만 가능한 빨리 제공하는 링크된 섹션이 있는 걸 원해요.,매우 긴 HTML 문서를 사용하더라도 링크된 섹션은 최대한 빠르게 렌더링되어야 합니다.
228,social,test-en-social_112289379466442912,It should just work with HTML.,HTML로 작업할 수 있는 거요.,HTML만으로 작동해야 합니다.
229,social,test-en-social_112289379466442912,"The content could be streamed like this, and then the browser would inject each <contents> into its <div>.",해당 콘텐츠는 이렇게 스트리밍할 수 있을 거예요. 그다음 브라우저는 각 <contents>를 해당 <div>로 주입합니다.,"이런 식으로 콘텐츠를 스트리밍할 수 있고, 그러면 브라우저가 각 <contents>를 <div>에 삽입합니다."
230,social,test-en-social_112289379466442912,"It would be streamed out of order, but the browser would assemble the HTML document as if it were streamed in order.",순서 없이 스트리밍 되겠지만 브라우저는 마치 순서대로 스트리밍하는 것처럼 HTML 문서를 어셈블리 할 것입니다.,"순서대로 스트리밍되지 않더라도, 브라우저는 HTML 문서를 순서대로 스트리밍된 것처럼 조립합니다."
231,social,test-en-social_112289379466442912,@user22 You can reorder documents like that without JS even.,@user22 JS가 없어도 문서를 그렇게 재정렬 할 수 있습니다.,@user22 자바스크립트 없이도 그렇게 문서 순서를 바꿀 수 있습니다.
232,social,test-en-social_112289379466442912,"You can’t use hash part of the URL if you want the server to do something though, but you can use query string search params to let the server know which section you want first.",만약 서버가 그래도 뭔가 작업을 하길 원한다면 URL의 해시 파트를 사용할 수 없습니다. 하지만 쿼리 스트링 검색 파라미터를 사용하여 서버에게 어떤 섹션을 제일 먼저 원하는지 알려줄 수 있습니다.,"서버에서 처리하도록 하려면 URL의 해시 부분은 사용할 수 없지만, 쿼리 문자열 검색 매개변수를 사용하여 서버에 어떤 섹션을 먼저 표시할지 알릴 수 있습니다."
233,social,test-en-social_112289379466442912,You’ve got a choice for reordering the parts:,그 부분을 재정렬하기 위해 선택하면 됩니다.,부분 순서 변경에 대한 선택지는 다음과 같습니다.
234,social,test-en-social_112289379466442912,The problem is that the visual order (what the user sees) does not match the DOM order.,문제는 시각적 순서(사용자가 보는 것)가 DOM 순서와 매치되지 않는다는 것입니다.,문제는 사용자가 보는 시각적 순서와 DOM 순서가 일치하지 않는다는 것입니다.
235,social,test-en-social_112289379466442912,"It may be useful if there existed an HTML feature that would allow streaming out of order, but the browser would then arrange the content in the DOM in order.",만약 순서 없이 스트리밍할 수 있는 HTML 기능이 있다면 유용할 것입니다만 브라우저는 그러면 DOM에 있는 콘텐츠를 순서대로 정렬할 것 입니다.,브라우저가 DOM 순서대로 콘텐츠를 배치하면서도 순서에 상관없이 스트리밍할 수 있는 HTML 기능이 있다면 유용할 것 같습니다.
236,social,test-en-social_112289379466442912,But the slots approach looks promising.,하지만 슬롯 접근은 잘 될 것 같아요.,하지만 슬롯 방식이 유망해 보이네요.
237,social,test-en-social_112289379466442912,I’ll give it a try.,한번 해보려고 해요.,한번 시도해 보겠습니다.
238,social,test-en-social_112289379466442912,"@user22 oh, you want the browser to fix up the DOM order?","@user22 오, 브라우저가 DOM 순서를 고치게 하려는 건가요 r?","@user22 아, 브라우저가 DOM 순서를 수정해주길 원하시는군요?"
239,social,test-en-social_112289379466442912,"@user23 Yes, that’s the idea.","@user23 네, 그럴 생각이예요.","@user23 네, 맞습니다."
240,social,test-en-social_112289379466442912,The section 7 would be streamed first for the sole reason that the user can view it as soon as possible.,사용자가 가능한 빨리 그걸 볼 수 있다는 이유 한 가지 때문에 섹션 7이 먼저 스트리밍 될거예요.,7번 섹션을 가장 먼저 스트리밍하는 이유는 사용자가 최대한 빨리 볼 수 있도록 하기 위해서입니다.
241,social,test-en-social_112289379466442912,"If that can be made possible without affecting the DOM order, that would be good, so the browser would make sure that the resulting DOM order matches the visual order.",만약 DOM 순서에 영향을 주지 않으면서 그렇게 하는 게 가능하다면 좋겠죠. 그래서 브라우저가 결과로 나온 DOM  순서와 시각적 순서를 매칭시키려고 할 거예요.,DOM 순서에 영향을 주지 않고 가능하다면 좋을 것 같습니다. 그러면 브라우저가 결과 DOM 순서가 시각적 순서와 일치하도록 할 것입니다.
242,social,test-en-social_112289379466442912,"In other words, stream section 7 first but make the end result (DOM and visual) be as if all sections streamed in order.","다시 말해, 섹션 7을 먼저 스트리밍하되 최종 결과(DOM 및 시각적 결과)를 마치 섹션들이 순서대로 스트리밍된 것처럼 만드세요.","즉, 7번 섹션을 먼저 스트리밍하지만 최종 결과(DOM 및 시각적 표현)는 모든 섹션이 순서대로 스트리밍된 것처럼 보여야 합니다."
243,literary,test-en-literary_detestable_chunk_2_words_945,"Stealthily I made my way towards the back of the store, murmurs and talking heard beyond a metal grate which took a few yanks to tear off.",나는 몰래 가게 뒤쪽으로 갔다. 몇 번 잡아당기면 떼어낼 수 있는 금속 창살 너머로 소곤거리는 소리와 말하는 소리가 들렸다.,"조심스럽게 가게 뒤편으로 향했다. 금속 격자 너머로 웅성거림과 대화 소리가 들려왔고, 몇 번 잡아당기자 격자가 뜯겨져 나갔다."
244,literary,test-en-literary_detestable_chunk_2_words_945,"Climbing into the vent was the safest and quietest option for me right now; climbing my way through, I’d pick up on conversations and talks between strangely dressed men.",지금 내게는 환풍구로 올라가는 것이 가장 안전하고 조용한 선택이었다. 올라가면서 이상한 옷을 입은 남자들끼리 대화하는 것을 듣게 되었다.,지금으로선 환풍구로 들어가는 것이 가장 안전하고 조용한 방법이었다. 환풍구를 통해 기어가면서 기묘한 옷차림을 한 남자들의 대화를 엿들을 수 있었다.
245,literary,test-en-literary_detestable_chunk_2_words_945,"I noticed Al inside, chained.",안에 Al이 묶여 있는 것을 발견했다.,안쪽에 알이 쇠사슬에 묶여 있는 것이 보였다.
246,literary,test-en-literary_detestable_chunk_2_words_945,Figures he’d get caught eventually.,그가 결국 잡힐 것이라고 생각했다.,결국 잡혔군.
247,literary,test-en-literary_detestable_chunk_2_words_945,"Alborn was a great guy, but this looked serious.","Alborn은 훌륭한 사람이었지만, 이번에는 심각해 보였다.","알본은 좋은 사람이었지만, 이번 일은 심각해 보였다."
248,literary,test-en-literary_detestable_chunk_2_words_945,"No need to stick my nose out for someone, especially when they seem like they’ve just gotten into trouble with every authority in the city.",특히 누군가 도시의 모든 권위자들과 문제를 일으킨 것처럼 보일 때는 쓸데없이 참견할 필요가 없다.,"굳이 남의 일에 끼어들 필요는 없었고, 특히 도시의 모든 권력자들과 문제를 일으킨 것 같은 사람이라면 더더욱 그랬다."
249,literary,test-en-literary_detestable_chunk_2_words_945,"Yet, I still couldn’t shake the feeling.",그럼에도 불구하고 나는 그 느낌을 떨칠 수 없었다.,그런데도 뭔가 찜찜한 기분을 떨칠 수가 없었다.
250,literary,test-en-literary_detestable_chunk_2_words_945,"Letting a silent sigh escape me, I slowly warped off the grate below, dropping down into the quiet room.",나는 조용히 한숨을 내쉬며 아래 창살을 벗어나 조용한 방으로 내려갔다,작게 한숨을 내쉬며 쇠창살 아래로 조용히 미끄러져 내려가 조용한 방 안으로 들어갔다.
251,literary,test-en-literary_detestable_chunk_2_words_945,"“Psst. Al. Al!” I whispered, giving a soft yell at his lack of response.","""저기, Al. Al!"" 나는 속삭였다. 대답하지 않는 그에게 부드럽게 소리쳤다.","""쉬잇. 알. 알!"" 아무런 반응이 없는 그에게 작게 소리쳤다."
252,literary,test-en-literary_detestable_chunk_2_words_945,“Lilith? What are you doing here..?,"""Lilith? 여기서 뭐하는 거야? 나가야 해.","""릴리스? 여기서 뭐 하는 거야...? 어서 가야 해,"
253,literary,test-en-literary_detestable_chunk_2_words_945,"You’ve gotta leave, he’ll catch you.”","그가 널 잡을 거라고.""","그가 널 잡을 거야."""
254,literary,test-en-literary_detestable_chunk_2_words_945,"No shit, I silently voiced to myself.","젠장, 나는 조용히 중얼거렸다.","설마, 속으로 중얼거렸다."
255,literary,test-en-literary_detestable_chunk_2_words_945,"Attempting to lockpick the chains that wrapped around his arms, voices closed in on our location, the faint footsteps growing ever louder.",그의 팔을 감싸고 있던 사슬을 풀려고 하는 동안 우리가 있는 곳으로 목소리가 가까워졌고 희미한 발소리가 점점 더 커졌다.,"그의 팔을 휘감은 쇠사슬을 열려고 애쓰는 동안, 발소리가 점점 커지며 우리 쪽으로 다가왔다."
256,literary,test-en-literary_detestable_chunk_2_words_945,"“Quick! Get back in the vent, and leave.","""빨리! 환풍구로 돌아가서 떠나.","""빨리! 환풍구로 돌아가."
257,literary,test-en-literary_detestable_chunk_2_words_945,Do not come back.,돌아오지 말고.,그리고 다시는 오지 마.
258,literary,test-en-literary_detestable_chunk_2_words_945,"If we meet again, it won’t be in this city.” He said hurriedly, the flash of panic on his face didn’t help my nerves at all.","우리가 다시 만난다면 이 도시에서는 아닐 거야."" 그는 서둘러 말했고 그의 얼굴에 비치는 극심한 공포는 내 신경에 전혀 도움이 되지 않았다.","다시 만난다면, 이 도시는 아닐 거야."" 그가 다급하게 말했다. 그의 얼굴에 스친 공포는 내 불안감을 더욱 키웠다."
259,literary,test-en-literary_detestable_chunk_2_words_945,Listening to his advice.,그의 조언을 듣고,그의 말대로 해야 했다.
260,literary,test-en-literary_detestable_chunk_2_words_945,"I couldn’t bring myself to stay longer. Fuck, Al.","나는 더 이상 머물 수 없었다. 젠장, Al.","더 이상 그곳에 머무를 수 없었다. 젠장, 알."
261,literary,test-en-literary_detestable_chunk_2_words_945,I quickly ran for it after exiting the vent; it hurt a bit to lose such an invaluable friend.,나는 환풍구에서 나온 후 빠르게 달렸다. 이렇게 소중한 친구를 잃다니 마음이 조금 아팠다.,환풍구를 빠져나와 황급히 도망쳤다. 그렇게 소중한 친구를 잃는다는 건 꽤나 고통스러웠다.
262,literary,test-en-literary_detestable_chunk_2_words_945,Were they moving him to the…other city?,그들이 그를 다른 도시로 옮기고 있던 걸까?,그들은 그를… 다른 도시로 옮기는 걸까?
263,literary,test-en-literary_detestable_chunk_2_words_945,"So many things were flicking through my slightly scattered mind, and most of them were angry but sad.","수많은 것들이 약간 흩어진 마음을 스쳐 지나갔고, 그 중 대부분은 화가 났지만 슬프기도 했다.","혼란스러운 머릿속으로 온갖 생각이 스쳐 지나갔고, 대부분은 슬픔과 분노가 뒤섞인 감정이었다."
264,literary,test-en-literary_detestable_chunk_2_words_945,"I’d done numerous kinds of research on the outer cities, and the capital of the infected, Alcatraz, which they named after the prison – felt like it fit the name pretty well from what I’d read.",나는 외곽 도시들과 감옥의 이름을 따서 지은 감염자들의 수도 알카트라즈(내가 읽은 바로는 그 이름이 꽤 잘 어울리는 것 같다.)에 대해 수많은 종류의 연구를 했다.,"나는 바깥 도시들과 감염자들의 수도, 알카트라즈에 대해 여러 가지 조사를 했었다. 감옥의 이름을 딴 그곳은, 내가 읽은 내용으로 미루어 보아 그 이름에 걸맞는 곳 같았다."
265,literary,test-en-literary_detestable_chunk_2_words_945,"Not to mention the unmutated had cut any remaining connecting land with infected land, it was…tragic.","돌연변이가 되지 않은 사람들이 감염된 땅과 연결되어 있는 남은 땅을 잘라냈다는 것은 말할 것도 없고, 그것은...비극적이었다.",게다가 비감염자들이 감염 지역과 연결된 남은 땅마저 모두 끊어버렸다는 사실은… 비극적이었다.
266,literary,test-en-literary_detestable_chunk_2_words_945,"The walk home was quiet, but so loud.","집으로 가는 길은 조용했지만, 너무 시끄러웠다.","집으로 가는 길은 조용했지만, 동시에 너무나 시끄러웠다."
267,literary,test-en-literary_detestable_chunk_2_words_945,"The thoughts infecting my brain were booming, and the regret of not having stayed to help flashed over multiple times.","내 뇌를 감염시키는 생각들이 쿵쿵 울렸고, 남아서 도움을 주지 못한 것에 대한 후회가 여러 번 떠올랐다.","머릿속을 감염시키는 생각들이 끊임없이 울려 퍼졌고, 도와주지 않고 그냥 온 후회가 여러 번 밀려왔다."
268,literary,test-en-literary_detestable_chunk_2_words_945,"I finally arrived home, almost brought to tears by the dreadful walk in the burst of sounds from the clouds above, the thunderous booms were enough to frighten any person sometimes.","나는 마침내 집에 도착했고, 위의 구름에서 터져 나오는 소리 속의 끔찍한 걸음걸이에 눈물이 날 뻔했다. 우레와 같은 굉음은 때때로 누구라도 겁을 주기에 충분했다.","마침내 집에 도착했을 때는, 갑작스러운 폭풍우 소리에 거의 울음을 터뜨릴 뻔했다. 하늘에서 터져 나오는 천둥소리는 누구라도 겁먹게 할 만큼 컸다."
269,literary,test-en-literary_detestable_chunk_2_words_945,"Dad was already passed out on the couch, some rerun of an older movie, probably 10-12 years old; sighing, I quietly crept my way back to my room.","아빠는 이미 소파에서 잠들어 있었고, 아마 10~12년 전의 오래된 영화가 다시 방영되고 있었다. 나는 한숨을 쉬며 조용히 내 방으로 돌아갔다.","아빠는 이미 소파에서 잠들어 있었고, 10년에서 12년 정도 된 옛날 영화가 재방송되고 있었다. 한숨을 쉬며 조용히 내 방으로 들어갔다."
270,literary,test-en-literary_detestable_chunk_2_words_945,"Flopping in the bed, I wasn’t able to keep my eyes open for long.",침대에 털석 주저앉아서 오랫동안 눈을 뜨고 있을 수 없었다.,침대에 털썩 눕자마자 눈을 오래 뜨고 있을 수 없었다.
271,literary,test-en-literary_detestable_chunk_2_words_945,"Before long, slumber crept up on me.",오래지 않아 서서히 잠에 빠졌다.,얼마 지나지 않아 잠에 빠져들었다.
272,literary,test-en-literary_detestable_chunk_2_words_945,The days rolled past before I could even realize it.,깨닫기도 전에 시간이 흘러갔다.,정신을 차려보니 며칠이 훌쩍 지나 있었다.
273,literary,test-en-literary_detestable_chunk_2_words_945,"It was a few days since Alborn was taken away – to where I had no clue, but I knew he was taken somewhere.",Alborn이 잡혀간 지 며칠이 되었다. 어디로 갔는지 전혀 몰랐지만 어딘가로 끌려갔다는 것은 알았다.,"알본이 어디론가 끌려간 지도 며칠이 지났다. 어디로 갔는지는 모르지만, 어딘가로 끌려간 것만은 확실했다."
274,literary,test-en-literary_detestable_chunk_2_words_945,"Those outfits seemed familiar, but no way was I going to figure it out on the first try.",그 옷차림은 익숙해 보였지만 처음 봤을 때는 도저히 알아볼 수 없었다.,"그들의 복장은 낯이 익었지만, 단번에 알아낼 수 있을 리 만무했다."
275,literary,test-en-literary_detestable_chunk_2_words_945,"Sighing, I placed my hands on the system in front of me, emanating a red and purple glow – I could hack the security, the place isn’t far, and I doubt they took measures...Maybe I shouldn’t.","나는 한숨을 쉬며 앞에 있는 시스템에 손을 얹었다. 빨간색과 보라색 빛이 뿜어져 나왔다. 보안을 해킹할 수 있었고, 그 곳은 멀지 않고, 그들이 조치를 취했을 것 같지 않았다... 어쩌면 그러지 말았어야 했다.","한숨을 쉬며 붉은색과 보라색 빛을 발하는 눈앞의 시스템에 손을 올렸다. 보안 시스템을 해킹할 수 있을 것이다. 그곳은 멀지 않고, 그들이 대비를 했을 것 같지도 않았다. … 아니, 그만둬야 할까."
276,literary,test-en-literary_detestable_chunk_2_words_945,"Of course, against all morals, my fingers moved without my knowing, pulling up multiple screens; god I’m good.","물론, 모든 도덕 관념에 반하여 나도 모르게 손가락이 움직여 여러 개의 화면을 불러왔다. 오, 난 천재야.",하지만 모든 도덕심을 거스르듯 손가락은 내 의지와 상관없이 움직이며 여러 개의 화면을 띄워냈다. 역시 난 잘하는군.
277,literary,test-en-literary_detestable_chunk_2_words_945,"I was pretty popular on a couple of websites, they referred to me as “WRAITH.” Which was a pretty catchy name.","나는 몇몇 웹사이트에서 꽤 인기가 있었고, 그들은 나를 ""WRAITH""라고 불렀다. 꽤 기억하기 쉬운 이름이었다.","몇몇 웹사이트에서 꽤 유명했는데, 사람들은 나를 ""WRAITH""라고 불렀다. 꽤 멋진 이름이었다."
278,literary,test-en-literary_detestable_chunk_2_words_945,"Granted my name on any site is WR417H, but I like to think the public came up with it.","어느 사이트에서는 내 이름이 WR417H였는데, 나는 대중들이 그것을 지어냈다고 생각한다.","사실 어느 사이트든 내 아이디는 WR417H였지만, 사람들이 그렇게 불러준 거라고 생각하고 싶었다."
279,literary,test-en-literary_detestable_chunk_2_words_945,"Moving the surveillance onto my mobile device, I watched each one intently.",감시 장치를 내 모바일 기기로 옮기고 하나하나 집중해서 지켜봤다.,모바일 기기로 감시 화면을 옮겨서 하나하나 유심히 살펴봤다.
280,literary,test-en-literary_detestable_chunk_2_words_945,Nothing. It was like they were never there.,아무것도 없었다. 마치 그들이 거기에 없었던 것 같았다.,아무것도 없었다. 마치 처음부터 없었던 것처럼.
281,literary,test-en-literary_detestable_chunk_2_words_945,That makes no sense.,말이 되지 않았다.,말도 안 돼.
282,literary,test-en-literary_detestable_chunk_2_words_945,"Cameras had tight security, even with remote access. How..? ARGH.",원격으로 접근할 수 있어도 카메라가 엄격하게 보안을 유지했다. 어떻게...? 으악.,"카메라 보안은 철저했고, 원격 접속도 마찬가지였다. 어떻게...? 아악!"
283,literary,test-en-literary_detestable_chunk_2_words_945,"I stood angrily, ready to remove some thoughts from my head – I made my way over, sliding on shoes and taking my keys.",나는 화가 나서 머릿속에서 몇 가지 생각을 지울 준비를 했다. 나는 신발을 신은 다음 열쇠를 가지고 길을 나섰다.,짜증스럽게 자리에서 일어나 머릿속을 좀 비워야겠다고 생각하며 신발을 신고 열쇠를 챙겼다.
284,literary,test-en-literary_detestable_chunk_2_words_945,"“I’ll be back soon, Dad.”Silence.","""곧 돌아올게요, 아빠"" 아무 말도 없었다.","""아빠, 곧 돌아올게요."" 아무 대답도 없었다."
285,literary,test-en-literary_detestable_chunk_2_words_945,"Whatever, he didn’t usually respond, he was probably busy doing something more important than me anyway.","어쨌든, 아빠는 평소에 대답하지 않았고 어차피 나보다 더 중요한 일을 하느라 바빴을 것이다.","뭐, 어차피 아빠는 대개 대답도 안 하시니까. 나보다 더 중요한 일을 하고 계시겠지."
286,literary,test-en-literary_detestable_chunk_2_words_945,"With a quick jolt, I felt a shiver enthrall its way down my spine as I made my way out of the apartment; weird.",아파트를 빠져나갈 때 갑작스러운 충격과 함께 전율이 척추를 타고 내려가는 것을 느꼈다. 이상했다.,갑작스러운 충격에 온몸이 떨렸다. 아파트를 나서면서 등골이 오싹해지는 기분이었다. 이상하네.
287,literary,test-en-literary_detestable_chunk_2_words_945,"Ignoring the feeling, I urged myself to head towards Al’s to investigate a little, but my legs moved towards Anton’s small bar – it was a pretty calm place, and I definitely needed to talk to someone.",그 느낌을 무시하고 좀 알아보기 위해 Al의 집으로 가야겠다고 스스로를 재촉했지만 내 다리는 Anton의 작은 술집 쪽으로 움직였다. 그곳은 꽤 조용한 곳이었고 나는 분명히 누군가와 이야기해야 했다.,"그 느낌을 무시하고 알의 집으로 가서 조사를 좀 해봐야겠다고 생각했지만, 다리는 어느새 안톤의 작은 바를 향하고 있었다. 그곳은 꽤 조용한 곳이었고, 누군가에게 이야기를 해야 할 필요가 있었다."
288,literary,test-en-literary_detestable_chunk_2_words_945,Who better than a bartender who owes you something?,당신에게 뭔가 빚진 바텐더보다 더 나은 사람이 있을까?,나에게 빚진 바텐더보다 더 나은 상대가 어디 있겠는가?
289,literary,test-en-literary_detestable_chunk_2_words_945,"Irregularly, Anton’s was pretty busy; it was bustling with activity and new faces that I’ve never seen before – Anton was regularly the only worker, so knowing that he must be pretty stressed.","불규칙적으로, Anton’s는 꽤 바빴다. 그곳은 활기가 넘쳤고 전에 본 적이 없던 새로운 얼굴들로 북적였다. Anton은 정기적으로 일하는 유일한 직원이었기 때문에 그가 스트레스를 많이 받고 있다는 것을 알았다.",평소와 다르게 안톤의 가게는 꽤나 북적였습니다. 낯선 얼굴들로 가득 차 활기가 넘쳤죠. 안톤은 보통 혼자 일하기 때문에 꽤 스트레스를 받고 있을 거라고 생각했습니다.
290,literary,test-en-literary_detestable_chunk_2_words_945,"“Hey Barkeep, get me a coffee.” I purposely spoke in a lower tone to throw him off a bit, a small chuckle escaping me seeing his sigh of relief after turning quickly.","""바텐더, 커피 한 잔 주세요."" 나는 그를 당황스럽게 하려고 일부러 더 낮은 어조로 말했다. 그가 빠르게 돌아선 후 안도의 한숨을 내쉬는 것을 보고 작은 웃음이 터져 나왔다.","""바텐더, 커피 한 잔."" 일부러 낮은 목소리로 말하며 그를 놀래켜 주려 했는데, 그가 재빨리 돌아보고 안도의 한숨을 쉬는 모습에 나도 모르게 작은 웃음이 터져 나왔습니다."
291,literary,test-en-literary_detestable_chunk_2_words_945,"“God, Lilith, don’t do that to me…” he softly let out, obviously tired.","""맙소사, Lilith, 내게 그러지 마..."" 그가 부드럽게 말했다.","""세상에, 릴리스, 그러지 마..."" 그는 지친 기색이 역력한 목소리로 나지막이 말했습니다."
292,literary,test-en-literary_detestable_chunk_2_words_945,“You seem pretty busy…you need some help? Look’s like there's more than plenty of folks here.”,"""꽤 바쁜 것 같은데... 도움이 필요한가요? 여기 사람들이 너무 많은 거 같아요.""","""꽤 바빠 보이네... 도와줄까? 사람이 엄청 많은데."""
293,literary,test-en-literary_detestable_chunk_2_words_945,"I huffed out, I do not want to help with these drunks, but I feel bad making this guy work alone out here.",나는 투덜거렸다. 이 술 취한 사람들을 돕고 싶지는 않았지만 이 남자 혼자 여기서 일하도록 하자니 마음이 좋지 않았다.,"나는 한숨을 쉬었습니다. 이 술 취한 사람들을 상대하고 싶지는 않았지만, 그를 혼자 일하게 두는 게 마음에 걸렸습니다."
294,literary,test-en-literary_detestable_chunk_2_words_945,"“Could you? I’ll pay you after…” he uttered with the eyes of a puppy, aimed straight at me.","""좀 도와 줄래? 나중에 갚을게..."" 그는 강아지 같은 눈으로 나를 똑바로 바라보며 말했다.","""그래줄 수 있어? 나중에 돈 줄게..."" 그는 강아지 같은 눈빛으로 나를 쳐다보며 말했습니다."
295,literary,test-en-literary_detestable_chunk_2_words_945,Advanced War Tactics…,고급 전술이다...,고도의 전략이군...
296,literary,test-en-literary_detestable_chunk_2_words_945,"After changing into the small uniform, I helped around the bar a bit, it was pretty easy aside from the constant flirting and cat-calling from the people within the bar; but it didn’t really bother me that much to be honest.",작은 유니폼으로 갈아입은 후 술집에서 일을 도왔다. 일은 쉬웠다. 술집 안에 있는 사람들이 계속 추파를 던지고 희롱하는 것을 제외하고는 말이다. 하지만 솔직히 말해서 그리 신경이 쓰이지는 않았다.,"작은 유니폼으로 갈아입고 나서 바에서 잠깐 일을 도왔는데, 끊임없이 추파를 던지고 휘파람을 불어대는 사람들만 빼면 꽤 쉬웠다. 솔직히 말해서 그렇게 신경 쓰이진 않았지만."
297,literary,test-en-literary_detestable_chunk_2_words_945,"I’ll talk to Anton after this shift, I still really need to get Al off my mind, though I know I’ll still investigate his place after this, but still…","이 근무가 끝나면 Anton과 얘기할 것이다. 정말 Al을 내 마음에서 지워야 한다. 비록 이 일이 끝나고 그의 집을 계속 조사할 것이라는 것을 알지만, 그래도...","이번 교대 끝나고 안톤에게 얘기해야겠다. 알을 머릿속에서 지워야 하는데, 그래도 이 일 끝나고 그의 집을 조사할 생각이긴 하지만… 그래도…"
